Label,log.sigma.2.mm.3D_glcm_ClusterShade,log.sigma.1.mm.3D_glcm_Imc1,log.sigma.1.mm.3D_glcm_MCC,wavelet.LLH_glszm_GrayLevelVariance,log.sigma.3.mm.3D_firstorder_Skewness,wavelet.HLL_glszm_ZonePercentage,wavelet.HLL_firstorder_Skewness,wavelet.LHL_glcm_Correlation,wavelet.LLH_glrlm_GrayLevelNonUniformityNormalized,log.sigma.2.mm.3D_glcm_Imc1
0,-0.145495641,-1.398699973,1.61527449,1.129732414,-0.719235178,-0.732389682,-0.146357616,0.18772136,-2.058966037,0.34288892
0,0.173505075,0.876322707,-0.943787645,-0.361092779,0.515948077,-0.067376778,0.383878697,0.022909647,0.389591099,0.611831806
0,0.295400214,1.134644547,-1.011726681,-0.524554391,0.952103883,0.053842315,-0.57390372,-0.006375285,1.117443768,-0.421723259
0,0.293785951,0.997831748,-0.912686724,0.232451585,-0.363966027,0.708502013,-0.077910612,0.119670289,-0.093308528,-0.070607021
0,0.161018769,0.556798534,-0.379713278,-0.396603995,-1.120413695,-0.392185084,-1.514378186,-0.61478044,1.059678546,-0.319390142
0,0.171918944,0.914083651,-0.856016948,-0.21787605,-0.589375317,-0.798026667,0.330233149,-0.584021327,0.349300273,-1.099048498
1,0.248420432,0.257166794,-0.041008721,-0.019305919,-0.618668301,0.021551544,0.810106821,-0.083371204,0.17750618,-1.461349165
0,0.173576123,0.997071202,-0.647221519,0.09960327,0.457549721,0.847933839,1.228676834,-0.312832683,0.300929548,0.995450714
0,0.173824204,-0.186243746,-0.226151369,-0.277445833,0.188490998,-0.37101343,-0.369840477,-0.263444461,0.80251822,0.349307606
0,0.171571376,0.89094549,-0.82253039,-0.106464996,0.074501712,1.268625704,-0.617930519,-0.342222016,-0.42628983,0.886372938
1,0.280848824,0.481533544,-0.431040303,0.573488912,-1.696758334,-1.003497118,-0.88159454,-0.050215772,0.454992361,-0.870875561
0,0.17080574,0.806165443,-0.757656968,-0.278528283,-0.208458495,-0.358740308,-0.722670791,-0.008639222,0.701346859,-0.627352694
1,-0.585958222,-1.167580829,1.471898652,1.452167643,-0.710399331,-0.038413735,0.404964321,1.339595472,-1.682115803,0.2984863
1,-0.220310083,-1.201026995,1.446901941,1.48024124,-0.359124214,-0.466377165,-0.124533813,0.711190481,-2.058265908,0.115305093
1,-9.630986745,-1.431230434,2.233333648,3.518538007,-1.979591451,-0.148245479,-2.225224318,2.988355838,-2.576408646,0.522416401
0,0.275572595,0.163151936,-0.131051374,-0.049494798,-0.15425511,0.096576904,0.283346936,-0.82302317,0.369136558,1.124083328
0,0.29532455,-0.515066266,-0.228028267,-0.764513652,0.139249058,0.09408182,-1.284208719,-1.536335132,0.088703923,1.753240519
0,0.162879364,-0.661907966,0.815363774,0.15052724,-0.878246108,0.007922084,0.396484706,0.210216379,-0.315647177,-0.441623396
0,0.250883132,-0.072550877,0.271195185,-0.293174717,-0.486168653,-1.167246357,-0.630435785,-0.461284718,0.741314243,-0.784578604
1,-0.114474434,-2.222706762,1.936622988,0.406508271,-1.113415381,-1.373162581,-1.387156261,0.119665044,-0.090728463,-1.256964788
1,-1.562722419,-1.782627976,1.873250431,1.25516155,-0.335654512,-0.587355114,-1.564973165,3.315908133,-2.529440476,-0.523690439
0,0.174237387,0.21693128,-0.42748114,-1.159389083,1.163165292,0.718683215,0.288696735,0.767573521,1.293147346,1.644847911
0,0.293913318,0.715359521,-0.748632947,-0.937597664,-0.114899049,1.439879627,1.051476436,0.028455844,0.150167619,1.427031911
0,0.296044422,0.639006982,-0.347807158,-0.148127744,-0.291864378,0.137545873,0.340773349,-0.49843606,0.320658228,-0.824161639
1,0.233271141,0.308051946,0.108866178,0.452468422,-1.430748834,-0.685669602,-0.073955424,-0.416364442,-0.10098562,-2.627083503
0,0.16785553,0.880579036,-0.610083855,0.316131517,-0.411201795,-0.042370498,1.51165441,0.240092979,-0.347807004,-0.291622507
1,-4.190923751,-1.537953772,1.884350852,2.230108712,-0.118800791,0.738644466,-0.081082624,4.30286003,-3.00015687,-1.012690645
1,-3.584532461,-1.764464616,2.164076625,1.430323637,-1.457141272,-0.114201357,-2.045561178,0.57118442,-2.53573547,-0.110156841
0,0.163962917,0.793840678,-0.739403058,-0.068864943,-1.470605869,-0.543099447,-0.23836006,-0.497505486,0.426798774,-1.623956424
0,0.292758104,0.742347212,-0.643584057,0.460423134,0.521653599,0.667711222,1.402798654,-0.46590784,-0.219357271,0.899874748
1,-0.086721434,-1.240744578,1.354039352,1.092094353,0.037412833,-0.823733625,-0.220713706,0.957720716,-2.212710374,-0.089842888
0,0.286624101,1.240424448,-1.159587024,-0.359397672,-0.23543028,0.750264001,-0.600316616,-0.394130953,0.760712855,-0.239001945
0,0.289743515,1.223577702,-1.202770393,-0.464349918,-0.248918126,0.591629629,-0.699725448,-0.104109592,0.568685066,0.001136018
1,0.292798115,-1.062452297,-0.076789885,0.328816255,-0.602296982,-0.610596349,-1.048402009,-1.329654207,0.411171487,0.260860087
0,0.280418008,-0.044830457,-0.288621016,-0.141283421,-4.676514883,-1.250769562,-1.699517177,-0.963151268,0.413983802,-1.215591075
1,0.286096639,1.117741727,-0.991946579,-0.019789657,0.026367534,0.440046269,0.938015831,-0.216125372,0.985558627,0.730129302
0,0.169345999,0.861281409,-0.97067417,-0.33546178,-1.728531018,0.205532997,1.727224141,-0.475940267,0.269695855,-0.285121694
0,0.297922096,0.7692375,-0.729311009,0.499080826,1.347899567,-0.237396804,-0.21488579,0.010094812,-0.566699534,0.821485002
1,0.163539994,0.785681447,-0.515581489,0.22435774,-0.695762726,-0.173016975,0.621799773,-0.209253826,0.234952871,-1.545268909
1,-3.462909583,-2.58432735,1.355357406,6.161816125,0.143614143,2.451125797,-0.064187173,4.521893413,-4.042155747,-3.188750105
0,0.172293828,0.976521742,-1.012406605,0.042344602,0.45951794,0.394208225,0.298303215,-0.387539463,-0.076217818,-0.541702698
0,0.292309669,-2.063112079,0.527301286,-0.946639472,0.158599297,-0.265516093,-0.935269118,-0.366440992,1.038013485,0.533612778
0,0.173780747,0.77525343,-1.003471674,-1.208598423,1.311072057,1.384956703,0.512205364,-0.036629487,1.086451857,1.436875016
0,0.138890271,-0.662352577,0.821903258,0.230705501,-0.624574992,-0.322448156,-0.079249661,-0.789024537,-0.307516295,-0.124257263
0,0.173906607,0.50098384,-0.863486786,-0.911045395,1.941354343,0.260828958,-1.196372581,-0.647517024,0.401254748,0.610889069
0,0.27822623,1.00237655,-0.826313123,-0.35747489,-0.478980696,-0.20257364,-0.02442172,-0.779858512,1.224666579,-0.533456061
1,0.016723309,-1.006292074,1.189277712,1.583091163,-0.360447661,-0.365457849,-0.459225152,0.464193679,-1.611403899,0.358480021
1,0.248365027,0.697552262,-0.451298889,-0.813500227,-1.405311447,-0.480876665,0.022787746,0.700790246,0.25064105,-0.477147492
0,0.303758323,-0.169802864,-0.192162749,-1.047856212,3.261123365,2.074600951,-1.08894394,-1.29278723,0.727742531,1.128171057
0,0.172693376,0.57212391,-0.582203048,-0.617621207,0.725461577,0.189598375,-1.394800125,0.267759487,0.51942342,0.705921427
0,0.171646587,0.854364272,-0.809387316,-0.290249001,0.386434726,0.233386205,2.446077764,-0.773765582,0.323767859,0.586545611
1,0.267481178,-0.044695768,0.051175015,-0.888048344,-0.46263239,-0.438908657,0.023698745,-0.18031293,3.26796445,0.087550016
0,0.173172323,0.82609772,-0.948392116,0.185490745,0.058865505,-0.049301498,1.779423787,-0.554989897,0.009121504,-0.062527567
0,0.174689702,0.15407124,-0.463123486,-0.940039444,3.827255245,1.911787992,-0.375544567,0.373861678,0.762716343,1.614969316
0,0.174015762,0.481552919,-0.447108066,-0.369764831,0.807124211,0.221682234,-0.562493227,-0.644331887,0.941490002,0.779455281
0,0.291165786,0.678759762,-0.411908476,-0.15447581,0.111879497,-0.177341835,-0.037674269,-0.322109627,0.551357581,-0.450679271
1,0.267524214,-0.042062394,0.009456782,-0.745497221,-0.201967802,-0.170773764,0.150599894,-0.229913248,1.207447616,0.419832615
0,0.166484674,0.838713972,-0.729903915,-0.753562376,-0.71735343,-0.383489144,0.97203531,0.306868535,0.950483937,-0.207494053
1,-2.832885948,-2.530921942,2.544401752,4.434616125,-0.520683921,-1.457930325,-0.916308505,3.262402541,-2.721348837,-0.00958965
0,0.17718406,0.325485039,-0.392075561,-0.298906452,1.328546947,1.57591103,0.224889597,-0.471770868,0.946319949,0.22290558
0,0.173737181,0.843328248,-0.603409713,-0.276276751,0.482203148,0.650886136,-0.448926952,0.087078053,0.32034943,0.503225455
0,0.292255829,0.690358751,-0.769178174,-1.108480277,0.70263815,0.630322127,1.08028683,0.784318376,-0.126076811,1.087883328
1,-0.856731672,-2.902343023,2.430726331,1.067484553,-0.576817908,-1.331425374,-0.538662247,1.535793036,-0.532975888,-2.200861262
0,0.064019801,-1.429689008,1.430805821,0.094005893,-0.012731097,-1.286458674,-0.002304698,0.417199855,0.247747424,0.056094197
0,0.294333013,1.367813125,-1.622178183,-1.286537799,0.88186308,1.28614261,0.429888974,-0.076702559,1.753151943,1.906674464
0,0.15571105,-0.604395394,0.640204044,-0.471612711,-0.377212025,-0.899050469,0.021091422,0.02039549,-0.26176432,0.115817835
0,0.287774632,-0.18740525,-0.185887617,-0.67087029,-0.494993122,-0.285260365,0.26659133,-0.560611695,0.190967793,0.281705502
1,0.014209056,-1.959816376,1.728837127,0.759536299,-0.531940665,-1.574823563,-1.027056071,0.295007531,-1.208536354,-0.537284928
1,0.068383534,-0.654974604,1.016036963,-0.039141499,-1.083774643,-0.65902171,-0.272999358,0.053750835,0.393424311,0.303499381
0,0.167974126,0.631889203,-0.458298241,-0.414289014,-0.051882624,0.463559122,2.664302804,-0.491786002,-0.331191805,0.455955017
0,0.146298434,-0.212378616,0.382733037,0.033451514,-0.678791124,-0.81094378,-0.339022036,-0.122857306,-0.104492379,-0.503955717
1,-0.120092849,-1.231795328,1.460224438,-0.071310935,0.259608693,-0.262946129,0.259605775,1.042948249,-0.271102762,0.253330614
1,0.263448147,1.109278934,-0.995650926,-0.053505893,-1.599731186,0.144072657,2.083220172,-0.750026898,0.732955947,-0.756004689
1,0.218709192,-0.707145212,0.867376705,0.143667098,-0.084255405,-1.051712523,0.168146288,-0.894827766,-0.012741546,-0.981974615
0,-0.342923306,-0.885974463,1.174112441,-0.108708975,-0.21393862,-0.564620904,-0.512365691,1.647869675,0.06671537,0.7340766
1,0.292077012,-0.481730795,-0.22354928,-0.789386011,-0.677388806,-0.749273204,-1.197328705,-1.065744788,0.701167622,0.273546353
0,0.287603896,0.543986382,-0.57293322,0.448570341,0.416440149,0.284674979,0.489612004,0.058740951,-0.851949144,0.537665344
1,0.29427059,0.591603733,-0.744930073,0.113583482,0.181542981,0.448503721,-0.089384327,1.479708161,0.006741923,0.536340312
0,0.279951683,0.08632686,0.013133838,-0.276939324,0.351354418,-0.478173249,-1.091399032,-0.352481178,0.921003872,0.526030551
0,0.087862667,-0.708971141,0.992441591,0.052196545,-0.557459261,-1.203216021,0.194296099,-0.624475055,-0.160404543,0.024541851
0,0.282014896,0.179138513,-0.171004764,-0.751985615,0.140512057,0.246223635,1.124628721,-0.594811774,0.600497615,0.673605928
0,0.173553403,0.987457231,-1.037895075,-0.095163951,0.100531897,0.541590906,0.141964192,0.101772509,0.040425526,0.432607066
0,0.155654268,-0.668585153,0.508197301,0.390976121,-0.244733728,-1.146534779,-0.409552871,-1.31445625,0.190613114,-0.114819014
0,0.292396942,-1.050782779,0.138031771,-0.741363479,-0.189889759,-0.743087159,-1.101478817,-0.600237805,0.618383516,0.712420295
0,0.173727224,1.134788363,-1.291669158,-0.744863999,0.58753565,0.884493019,-0.081411907,-0.737858172,0.762862961,1.483379897
0,0.172635214,0.740073569,-0.889257711,-0.155698844,0.769846453,-0.31216537,0.138569055,-0.260750591,0.279928194,-0.431119444
0,0.175872653,0.550859887,-0.780971235,-1.387570973,1.851832741,0.931628824,0.115441854,-0.310134285,1.936959078,0.971709564
1,0.296703224,0.707927484,-0.933166713,-0.395567739,0.219372353,-0.316637273,-0.636182019,-0.990972112,0.737485238,0.66904889
0,0.173734431,0.995528144,-1.043123389,-0.607950399,0.132552994,0.42779789,0.19958423,0.125291659,0.281801774,-0.004302351
1,0.295717766,0.415456456,-0.551816963,0.057190306,2.503601309,1.376199617,-1.016098145,-0.131081728,0.160341412,0.775399516
0,0.291643305,0.319686711,-0.256659216,-0.491292812,0.926309572,0.886093433,-1.007597305,-0.263375945,0.29341448,-0.393304556
0,0.298907669,1.309429203,-1.330232924,-0.240661192,0.055494674,0.232840023,1.180617106,-0.730408138,0.822961093,-0.011864922
0,0.293487711,0.661225701,-0.76925118,0.686325146,0.889036925,0.112492771,0.828979831,0.301677209,-0.744878397,0.708512387
1,-1.562249319,-1.892840977,1.955548657,2.60391072,-0.081362893,-0.929159456,-0.330495506,4.455419597,-2.873012544,-0.597587716
0,0.171541987,0.069362305,-0.009774482,-0.478919789,-1.549719398,1.764061306,-0.038491568,-0.547514885,0.258772506,-0.329483779
0,0.173949724,0.309775335,-0.687003586,-0.011933668,-0.201024382,-0.070946779,-0.353181082,0.321024298,0.7216618,0.997865635
0,0.174498202,0.804307873,-0.748988405,-0.618770613,1.629356011,2.104828873,-0.168962481,-0.676187369,0.248720021,0.936023616
0,0.173559271,0.899339075,-0.961652938,-0.325307091,-0.507070222,-0.236932238,1.458753681,-0.230186068,-0.069031461,0.943026614
0,0.167481444,0.819388594,-0.863490859,-0.618393441,-0.977308313,-0.383909076,-1.473294996,-0.507140769,0.912177113,0.045679386
1,0.28721464,0.123761855,-0.00736151,0.255855143,0.412901859,-0.101038105,0.565172606,-0.462360448,-0.555922121,1.406202008
0,0.16406356,0.239855107,-0.015183665,-0.096893978,-0.265915591,-0.607557975,0.128969171,-0.241299242,-0.543287933,0.542804159
1,0.264912218,-0.00603186,0.175920196,0.119975502,-0.146792195,-0.642663582,-0.526290209,-0.793766412,0.196724847,-1.429521228
0,0.062540456,-1.265765613,1.454478223,-0.342558972,-0.861068832,-0.809480713,-0.814896961,-0.198562683,0.670208119,-0.592700042
0,0.298749519,0.868883908,-1.09272192,0.050979077,0.439097776,-0.291988943,1.414784007,0.148631978,0.210937929,-0.032604405
1,0.259673894,0.174885206,0.050365531,-0.242550404,-0.638712866,0.484960361,-0.588446737,-0.329126161,-0.050223422,0.369338312
0,0.175913567,0.592330171,-0.685734174,-1.112915792,1.22137423,0.776523842,-0.154347576,-0.705853411,1.075734194,0.780440377
0,0.173857912,0.426155296,-0.414334305,-0.115555514,0.383135784,0.273917808,0.268840226,-0.245223066,0.576988973,0.37813785
0,0.29428682,0.181991116,-0.625042214,-0.226769939,-0.5146581,-0.519461116,-1.405069088,-0.257073919,1.011655669,0.690868572
1,0.074139092,-1.1395354,1.178287236,0.085679744,-0.562554478,-1.240777722,-0.847797845,-0.133766503,-0.174574965,-0.558237422
0,0.199306575,-0.052474106,0.356083116,0.291885637,-0.524108146,-0.49934704,0.127803193,-0.221827199,-0.573748919,0.024427754
1,0.021173952,-0.922420602,1.230619542,0.320715651,-1.649830063,-0.658721281,-0.498269507,0.137644091,-1.525427297,-0.273685853
1,-0.864658612,-2.180735456,2.432966133,2.008590743,-1.328200547,-0.972931821,-0.445055945,2.301247224,-1.9903261,-0.172088702
1,0.27862244,0.457308833,-0.645312302,0.881491318,0.214813327,-0.557351913,-0.309894398,-0.869805034,-0.458113388,-0.070086396
0,0.293192217,1.324193341,-1.346217608,-0.837263527,-0.956342565,0.903571913,2.851208624,0.882641969,0.322308831,1.556825257
0,0.280370501,0.915544218,-0.726137512,0.786221892,0.227598156,0.319922762,-0.7469151,-0.047644476,-0.951387637,0.469102397
1,-0.64586396,-2.167753586,2.198369644,1.41467363,-0.353185832,-1.017492553,-0.295329919,1.355232052,-1.444689051,-0.152357434
0,0.150168373,-0.743331732,0.930770361,0.260176348,-0.348783464,-1.323102489,0.486152977,0.120039959,-0.857431715,0.614941545
0,0.256306301,0.307554312,-0.085785181,-0.089086891,0.360286376,-0.288836826,-0.058365736,-0.600602368,0.091461814,0.941720679
1,-0.066745865,-0.846622526,1.171824984,0.600006878,-1.905902829,-0.687064303,0.234051895,-0.500918072,-1.423218685,-1.953022639
0,0.296484448,1.288188659,-1.327161225,-0.088373818,0.371309425,0.683407982,-0.336463367,-0.184407568,0.713315876,-0.311896988
1,-2.646222789,-1.350476437,1.66259063,3.231507663,-0.241885898,-0.361632919,-0.742477983,3.149796183,-2.786690373,-0.180169315
0,0.265411156,0.890131332,-0.702496739,0.200607874,-1.963242725,-0.552471788,-0.872015346,-0.357741265,0.547193418,-1.854640899
0,0.246518364,-0.443246645,0.496059379,-0.158166631,0.301647446,-0.395077953,-0.264130901,-1.467040299,-0.289542631,0.419255827
0,0.161909158,-0.282630767,0.315401266,-0.113545819,0.049401271,-0.835136702,-0.201850796,-0.408909691,0.716185377,-0.013489427
0,-5.223517972,-1.392267166,1.838436967,5.394694162,-0.388553918,0.360179483,0.284209893,3.221437445,-3.968328446,-0.807206386
1,0.143944348,-0.399973249,0.588322335,0.405046204,-0.540801409,-0.986976389,-0.086028081,-0.489407121,0.008046199,-2.922040546
0,0.281618285,0.284842146,-0.237815487,-1.025868999,0.089146841,-0.710196989,-0.174311766,0.000766116,0.604425602,-0.048202828
1,-0.037342403,-1.704139908,2.096975382,2.419776367,0.878002898,-1.601379953,-0.383439995,2.665331,-1.579442218,0.332097775
0,0.17370432,0.60247882,-0.412674796,0.040822384,0.986744279,-0.182412935,1.194335337,-0.499338058,0.15702823,-0.338242846
1,-2.4347759,-1.564171999,1.912510072,1.977713135,-0.315887873,0.171378573,-1.24613785,2.964941805,-2.319906735,-0.184834984
0,0.159442008,-0.007950654,0.1156105,-0.520272843,-0.818871045,-0.816559594,-0.388334807,-0.313390158,0.847761726,-0.406751607
0,0.296746898,0.982612326,-1.143963567,-1.092073857,1.082931569,2.053824708,0.444803953,0.792224748,0.9091534,1.415517101
0,0.284414609,0.434572122,-0.448832088,-0.35211809,0.126066368,0.252278128,0.086567305,-0.959659582,-0.18334744,-0.289084342
0,0.30447706,0.515515286,-0.36314997,0.237678797,1.622153142,1.549582644,-1.137249024,0.383152243,-1.317657408,0.616591892
1,0.173499936,-0.086097718,-0.391187006,-0.638790582,1.194057024,-0.358740308,-1.981089343,-0.752640946,0.614070057,1.009024926
0,0.173628378,0.97632649,-1.059522531,-0.57658836,1.378781444,1.022506248,-0.575535913,-0.109885731,0.576288689,0.335340505
0,0.284425279,-0.241743535,0.215416372,-0.901984893,0.511888223,0.110777053,-1.819172501,0.837651647,-1.069281514,1.030298169
0,0.297452574,0.667795179,-0.782934904,-0.922454609,1.117303085,0.641040334,1.592521193,-0.260544409,0.297724131,0.69364448
1,0.294966356,0.846358114,-0.999126132,-1.319828051,0.607036085,1.43501237,0.083125677,-0.280004269,1.071179922,1.594965692
0,0.17295286,0.431723537,-0.532077955,-0.703125354,0.232028737,0.564441526,-0.346830658,0.359713162,0.277361381,1.489686061
0,0.170225393,1.263492206,-1.355552487,-0.213297342,-0.925871699,-0.323809109,-0.733177182,-0.089333557,0.638672967,-1.221598356
0,0.256829104,0.508868783,-0.485337056,-0.394662288,-1.737273028,-0.20086578,-0.233022939,-0.015340901,-0.788718493,-0.515439686
1,0.250563491,0.230409296,-0.029984731,-0.144899025,-0.778592373,-1.043835848,-0.984068867,-0.100010652,0.543517356,-1.23251455
0,0.173429009,0.354706194,-0.73595279,-0.90828948,0.856492624,0.097531627,-1.04980545,-0.661332268,0.96143495,0.508181331
0,0.161080082,-0.412623744,0.440951879,-0.56824441,-0.033136141,-0.486473815,-1.049163149,-0.756127992,-0.507358288,-0.384369114
1,0.173256572,-0.040781272,-0.162194719,-0.151418997,0.748045575,-0.386096071,0.520595967,-0.439814179,-0.172775479,1.0263068
0,0.068008237,-0.972637533,1.111709363,0.030205165,-0.627289893,-0.853604814,-0.417111791,-0.645474722,0.380984575,-0.352308838
1,0.088242834,-1.68258377,1.621343504,0.460214544,-0.122093196,-1.433595703,-0.410991884,1.750136911,-0.13113682,-1.084293609
1,0.179266914,-0.809139952,0.995909605,0.859918804,-0.405689119,-0.873336204,0.024519127,-0.531761792,-0.47721811,-1.654594338
1,0.289878913,0.14975824,0.132878913,0.389959694,0.140850921,-0.606209406,-0.588726573,-0.412762086,0.627025142,-2.831919741
0,0.065075073,-0.814561329,1.182431498,0.602726747,-1.806368873,-0.738411781,1.239739125,0.393163609,-1.25916016,-1.301975733
1,-3.010504928,-1.494299929,1.919776616,0.652736342,-0.821719794,-0.147443166,-0.243550389,3.774042151,-1.745709263,-0.351021486
1,0.136233634,-0.797237415,0.937799775,0.889430996,-0.477199974,-0.581949357,-0.634636542,-0.44147185,-0.989755831,-0.147923162
0,0.168019484,0.743609743,-0.698038245,-0.485028044,-1.383714718,-0.161285372,-0.590097917,-0.328976137,0.720977374,-0.537062745
0,0.171388103,-0.043166785,0.029123205,-0.197776139,0.54349702,-0.708052352,1.562256659,-0.682230318,0.460049159,1.220185575
0,0.295755987,-0.090232614,-0.691559755,-2.35617907,2.007157913,5.228434289,0.044540308,-1.841742391,2.883392561,1.620957855
0,0.172914112,1.104461786,-1.144728487,-0.266228366,0.264454702,0.684558943,1.301362441,0.678364002,-0.188437679,1.060121676
0,0.29149321,0.470856046,-0.522400277,-1.201990153,0.539338433,-0.291729774,2.036712287,-0.03544656,0.642199701,0.179084672
0,0.295702678,0.218739084,-0.557659748,-1.01497688,2.396658001,0.46264168,0.072010349,0.496303219,0.621322975,2.375380078
0,0.154124049,-0.118349168,0.289930418,0.25278033,-1.065583581,0.002148367,1.387058254,-0.718093831,-0.437473804,-0.721132335
0,0.151805673,0.342308873,-0.082665012,0.072455102,-2.254353318,-0.325354393,-0.468046677,-0.262928463,0.398207989,-2.408382626
0,0.29674313,-1.059619788,-0.073871821,0.14147831,2.357425892,2.597428938,-1.364594221,-2.07242129,-1.040471371,0.960825019
0,0.295241846,1.508907575,-1.665610973,-0.524635903,0.720490937,0.788072196,-0.233474893,0.607154117,0.631212836,0.456996834
1,0.13272953,-0.861681773,1.049388056,0.544412318,-1.084291404,-0.268529157,-0.553261574,1.120444655,-0.157495145,0.032236227
1,0.24837898,0.586648076,-0.347973733,-0.613494823,-1.207207685,-0.354347986,0.22106173,0.50331146,0.232223178,-0.725003276
1,0.240088093,-0.013268715,0.213742514,0.026398884,-0.468795415,-0.279438915,0.630072846,-0.310939322,0.124152348,-1.326911453
1,0.256945237,0.283326366,-0.11449543,0.006480164,-0.972068921,-1.035335644,-0.962475408,-0.089517841,0.52486331,-1.156309739
1,0.277495651,0.503832294,-0.433131516,0.430315562,-1.666673436,-0.949549096,-0.788238768,0.02730758,0.433897991,-0.830232585
1,-0.446926646,-2.527111443,2.157928677,0.702555269,-0.873076847,-1.354468756,-1.007121285,0.753939604,-0.288808222,-1.679729908
1,0.152109219,-0.335256562,0.544497886,0.409380808,-0.622146606,-0.959435594,-0.084924586,-0.482730692,-0.0019198,-2.895080146
1,0.292586389,-0.891944248,-0.11988052,0.000496249,-0.624345004,-0.651313836,-1.092128994,-1.252166668,0.496318455,0.264584954
1,0.228217133,-0.945190266,0.237698731,0.222927088,-0.740854379,-0.624531974,-0.825260249,-0.931544353,0.406064287,0.273130624
1,0.287159486,1.049328755,-0.959827375,-0.002447338,0.046544776,0.441145979,0.804424455,0.004381441,0.858284489,0.704931196
1,0.286254944,1.107552035,-0.987162621,-0.017206625,0.02937281,0.440210064,0.918118215,-0.183282235,0.966601925,0.726376199
1,0.210875974,0.46144957,-0.091684224,0.379207376,-1.194697412,-0.521023794,0.149496423,-0.349847871,0.006905886,-2.279643095
1,0.184993207,0.618132651,-0.36924029,0.202267524,-0.579585127,-0.272407402,0.378831653,-0.332953123,0.226862746,-1.520773445
1,0.251368059,0.558759771,-0.318083578,-0.661886409,-1.201743755,-0.224401869,-0.139523529,0.427299385,0.170747495,-0.252366015
1,0.206667318,0.740874204,-0.48289849,-0.303317107,-1.056516341,-0.329541105,0.317245981,0.253437006,0.242929162,-1.002207311
1,0.256856821,-0.0772618,0.102662504,-0.842748514,-0.495778121,-0.45065445,0.007866179,-0.167822692,3.114571672,0.099073624
1,0.278168642,0.622680063,-0.547699457,-0.389565746,-0.181888925,0.06571484,0.548624281,-0.200873483,1.957595084,0.456466097
1,0.238304586,-0.131994129,0.157150857,-0.641854653,-0.331354063,-0.242413689,0.088445779,-0.188291621,1.088007137,0.402763205
1,0.281993314,-0.301161417,-0.12785498,-0.771361128,-0.482136032,-0.511686687,-0.643741893,-0.722473402,0.909094012,0.333625311
1,0.20773389,-0.226084161,0.311674066,-0.533419821,-0.466722934,-0.317366128,0.02341776,-0.144745479,0.963043924,0.384904534
1,0.087959124,-0.570051374,0.917215529,-0.059957233,-1.0382295,-0.541952958,-0.305280485,0.014569336,0.348023874,0.31023697
1,-0.312987196,-1.20520693,1.465058216,0.559494493,-0.142028938,-0.169977147,0.319792351,1.165776808,-0.855341161,0.272027596
1,0.010785181,-0.831250926,1.151780585,-0.048972474,-0.673236907,-0.537981075,-0.110235313,0.356049409,0.190344942,0.288167814
1,0.257223979,0.75635175,-0.600257915,-0.039340973,-1.193395277,0.093326952,1.555923014,-0.47391193,0.502900168,-1.048143749
1,0.258457389,1.09311412,-0.971669797,-0.039625643,-1.554574835,0.128232933,2.010217168,-0.723013413,0.708078971,-0.795431167
1,0.243469228,-0.331421087,0.496827647,0.130970857,-0.117768646,-0.832504666,-0.203999735,-0.84066935,0.099510741,-1.221813236
1,0.249378513,-0.241749923,0.408391577,0.127940743,-0.125766991,-0.780188026,-0.29281694,-0.82774378,0.126301124,-1.27905366
1,0.294458998,0.1308113,-0.58892357,-0.586613271,-0.215656249,-0.526513674,-0.908400386,-1.027245151,0.719867167,0.477186303
1,0.296446908,0.642014177,-0.893850186,-0.417387336,0.169687082,-0.340607572,-0.667272488,-0.99511491,0.735473052,0.647135975
1,0.273977724,0.347175381,-0.278445428,-0.095308644,-0.299582221,0.469887547,-0.382111899,0.418727272,-0.026671387,0.438384447
1,0.287896231,0.168954484,-0.078609221,0.242111973,0.390553035,-0.047953417,0.50194366,-0.27476034,-0.501569852,1.322175034
1,0.296067237,0.544379564,-0.835612266,-0.449707789,0.096090378,-0.37611377,-0.713325494,-1.001251464,0.732492484,0.614677296
1,0.292639278,0.603471633,-0.801881556,-0.444304639,0.160689635,-0.296321936,-0.526601908,-0.884974613,0.802939881,0.634338958
1,0.197040155,0.010505985,-0.422125735,-0.5047386,1.446286661,-0.024575765,-1.795223632,-0.632923226,0.526677967,0.964026637
1,0.29610966,0.531765409,-0.703470925,-0.122861081,1.595216363,0.702997597,-0.865014302,-0.473040216,0.389858143,0.733106335
1,0.282660662,0.132215316,0.002183899,0.173441694,0.23901295,-0.004140799,0.374416806,-0.440329599,-0.472302719,1.234752244
1,0.279245301,0.433129539,-0.599066343,0.836138064,0.229173046,-0.524273077,-0.246459549,-0.840268798,-0.465203682,0.036931846
1,0.259922221,0.076194302,0.104313492,0.027861184,-0.366510727,-0.7821776,-0.685489998,-0.552501844,0.317327442,-1.361009031
1,0.284002547,-0.318110035,-0.155293024,-0.653121196,-0.66775123,-0.441717138,-1.045602688,-0.882188342,0.513930068,0.29741655
1,0.120797478,-0.427591344,0.751441045,-0.094875949,-0.961826819,-0.345568318,-0.359432575,-0.051158233,0.271863938,0.321539381
1,0.069055173,-0.711519897,1.034970582,-0.02457562,-1.022951425,-0.726909093,-0.34007484,0.031868704,0.327142255,0.202939945
1,0.036762394,-1.651121847,1.521649902,0.505945349,-0.543461494,-1.449112829,-0.959596218,0.133647945,-0.819427946,-0.545169934
1,-0.044848769,-0.86550061,1.186468214,0.530447285,-1.842125969,-0.680005259,0.051661709,-0.341879334,-1.448674513,-1.534771107
1,0.284930796,0.544749265,-0.745744229,0.43592753,0.216403964,-0.473366974,-0.423735608,-0.912080027,-0.04097101,0.18779668
