Label,log.sigma.1.mm.3D_glcm_MCC,wavelet.LHH_glrlm_RunEntropy,log.sigma.1.mm.3D_glcm_Imc1,wavelet.HLH_glcm_Correlation,wavelet.LLH_glszm_GrayLevelVariance,wavelet.HLL_firstorder_90Percentile,log.sigma.2.mm.3D_glcm_Imc1,wavelet.LLH_glcm_Correlation,wavelet.HLL_glszm_ZonePercentage,wavelet.LLH_firstorder_Kurtosis
0,1.768823722,-0.182015886,-1.501081832,0.626905103,1.261773514,-1.097284469,0.375460303,0.660421973,-0.635516068,-0.850527111
0,-0.958640571,0.575262282,0.881319698,0.033166562,-0.427722416,0.370217114,0.670938203,-0.451285772,-0.060760842,-0.16516199
0,-1.002178697,0.105411735,1.134319668,0.113253436,-0.434022274,-0.114686611,-0.378076234,0.017966844,0.067236119,-0.749873704
0,-0.908736421,0.901484497,1.002672502,-0.05402741,0.220532201,0.707910463,-0.060212557,-0.275877202,0.799664069,-1.14005899
0,-0.357446612,-0.129715986,0.546714296,-0.759244778,-0.467965937,-0.489344197,-0.352161941,-0.846441014,-0.341485126,-0.136852687
0,-0.865094017,1.515426487,0.920862922,0.05038363,-0.265420302,-0.054411682,-1.208744604,-0.24898253,-0.692244592,0.146794515
1,-0.086325157,1.212418214,0.289972792,-0.568212133,0.002846996,0.088406678,-1.31924408,-0.114091448,0.031109466,-0.43961353
0,-0.642558554,1.050636842,1.007767404,0.565474963,0.09436703,2.061857349,1.092406533,0.175577821,0.730320891,0.122594531
0,-0.193779377,0.027330385,-0.231398855,-0.187285867,-0.332928489,-0.55770574,0.382512283,-0.211417756,-0.323186957,-1.500554256
0,-0.829403836,0.345536361,0.896632662,-0.333625364,-0.139162359,0.240129501,0.972566694,-0.616963485,1.09391511,-0.513690639
1,-0.454312378,0.65139535,0.50586814,0.216465037,0.515414296,0.045254779,-0.784691443,0.534363356,-1.115706648,2.053153478
0,-0.760261341,0.288295234,0.807851079,-0.241579767,-0.334155188,-0.416891477,-0.690509347,-0.780936512,-0.312579582,-0.814843609
1,1.616012865,-0.519943354,-1.25905409,0.529580167,1.62717719,-1.191579903,0.326676738,1.760938236,-0.035728756,0.382328047
1,1.589371215,-1.449598897,-1.294078883,-0.422058002,1.658991938,-0.816806692,0.125422118,1.877104965,-0.405607621,-0.131152575
1,2.427555005,-0.199067441,-1.535147699,0.347720816,3.968916742,-1.665474842,0.572700705,3.640768297,-0.130653785,4.34875947
0,-0.171278651,-0.787876905,0.199507648,0.265764124,-0.023256187,0.108577084,1.02133431,-0.168110737,0.115047229,1.20376799
0,-0.262774466,-1.583407852,-0.453103108,0.103577656,-0.641505983,1.193704083,1.590906994,0.756304596,0.11225575,-0.298148994
0,0.721645658,0.320806701,-0.594400514,0.726176285,0.149695314,0.518635231,-0.396091723,-0.088664654,0.015860937,0.436735125
0,0.208233164,0.44593643,-0.027295747,-0.273313544,-0.233957009,-0.736934806,-0.706567263,-0.834005693,-1.298907965,0.632056407
1,2.111318944,0.585805902,-2.363980937,-0.101137068,0.442170886,-0.389490251,-1.382241566,0.27928353,-1.18932122,0.386883081
1,2.04377608,0.549576895,-1.903130862,0.445701335,1.40391762,-2.194899867,-0.576619347,3.774590068,-0.510166056,0.246665732
0,-0.408357896,-1.831318306,0.190805639,0.100988471,-1.332401491,0.402282864,1.805875934,0.218769313,0.618612575,-0.377533044
0,-0.753954869,-0.374815666,0.730865563,-0.128292099,-0.791165191,2.29078311,1.295592063,0.041555367,1.6179234,-1.482331214
0,-0.375783523,0.747371632,0.657395862,0.721871243,-0.10854037,0.266128704,-0.742401576,0.14287037,0.160882979,-0.102445379
1,0.055078899,1.560748361,0.338936677,-0.062097069,0.41077245,0.333440077,-2.374577223,-0.105409467,-0.760123805,0.020013491
0,-0.602977002,1.039655024,0.885776921,-0.080781646,0.339750321,1.189728233,-0.321654636,-0.673436961,-0.039148495,0.485649417
1,1.730214202,-0.863810151,-1.437369509,-0.25166747,1.947830866,-1.295377401,-0.91307589,3.136425374,0.833387201,0.122601367
1,1.994130035,-0.172385308,-1.655327996,-0.066670011,1.25628692,-0.946459177,-0.096016801,2.896002125,-0.120769776,1.192933957
0,-0.74080621,1.043693424,0.794944598,-0.060317017,-0.096551638,-0.012882495,-1.785442109,-0.716889929,-0.471916909,-1.082833422
0,-0.654843282,0.948485758,0.756834281,-1.546705862,0.417650589,1.134483823,0.818359466,-0.473914055,0.754027664,2.030788938
1,1.490397692,-0.969658074,-1.335671097,0.576661578,1.219119719,-1.468722098,-0.099966609,2.756999397,-0.714462519,-0.37510525
0,-1.141682058,0.578341501,1.236105643,0.610765696,-0.291217497,1.196895402,-0.212659593,-0.457015463,0.846387042,-1.034908512
0,-1.182424728,-0.537410611,1.219894979,0.071873973,-0.38196574,1.042695427,0.004736037,-0.479414745,0.668908195,0.336848809
1,-0.12008399,-0.36575586,-0.979821516,0.163302948,0.303855091,-0.324449368,0.239862866,0.972993924,-0.67613246,-0.332689935
0,-0.319942547,2.859383827,-0.000621966,0.771486684,-0.102622342,-0.595701495,-1.096760578,1.186043113,-1.392353048,-0.711227777
1,-0.983516555,0.352063027,1.118055047,0.409902818,0.002428726,1.430725036,0.664689809,-0.576157882,0.499317964,0.484101992
0,-0.987296396,0.317005463,0.865568465,-0.092030588,-0.398675772,2.249958643,-0.314512426,-0.275699885,0.175108745,-0.684043491
0,-0.735724996,-0.152173972,0.782709274,-0.150507473,0.451076435,-0.044939976,0.747393642,-1.01597568,-0.258599841,0.328924908
1,-0.502255794,1.465479564,0.786400259,-0.055359098,0.235746563,0.596384284,-1.698990959,-0.369198276,-0.152063214,-0.049264391
1,1.491802482,0.473538353,-2.742669664,1.024296252,6.964444079,-0.940365442,-3.504624784,3.874752908,2.115922509,-0.72384915
0,-1.031775084,-0.286759629,0.986248029,-0.034967372,0.029477943,1.184952175,-0.59640877,-0.909377848,0.338176368,-0.745533196
0,0.449864296,-1.5681053,-1.942699444,0.052458758,-0.798983301,-0.254786144,0.486784437,1.425523329,-0.290059473,-0.300277364
0,-1.022252179,-1.944791742,0.77548005,-0.109824974,-1.388168578,-0.393154295,1.577383576,-0.23767252,1.194457294,-0.63599496
0,0.923243743,0.77492483,-0.729979558,0.142870086,0.242940241,-0.276456994,-0.137776448,-0.443331563,-0.281213117,0.661224791
0,-0.873055417,-0.599690848,0.488265203,0.069238449,-1.050962961,-0.528066246,0.669902451,-1.005724375,0.222899762,-1.50506997
0,-0.827244606,0.585319715,1.007045706,-0.191469984,-0.28955494,-0.253307166,-0.47922735,-0.141358743,-0.219639968,0.1791095
1,1.314793714,-0.036788295,-1.090152663,0.201194487,1.775547875,-1.011132425,0.392589686,0.710832624,-0.318385397,0.754842029
1,-0.473425961,0.321955425,0.713730651,0.105751403,-0.683862824,-0.086907963,-0.4282515,-0.418038877,-0.531003131,-1.325948553
0,-0.228936046,-0.891452485,-0.120875797,0.871988886,-0.886501593,-0.409231225,1.025034909,-0.036687227,2.32804446,0.100918089
0,-0.573261465,-0.555297571,0.562763015,-1.216762331,-0.718436402,-0.122951688,0.774311093,-0.340329755,0.161336821,0.830723698
0,-0.815395866,0.979421514,0.858324846,-0.169754363,-0.347437836,-0.32586414,0.643157167,-0.865897557,0.199181627,1.222081251
1,0.000648408,0.196880426,-0.000492362,-0.048866229,-0.748321765,-0.184590602,0.082966173,-0.368740936,-0.484049665,0.942381507
0,-0.963548044,0.643412242,0.828724141,-0.39700351,0.191700065,0.568327376,-0.069956246,-1.214412996,-0.045138797,0.884657587
0,-0.446345729,-1.424581405,0.124978666,0.065514119,-1.083820823,0.088789735,1.773049394,-0.913314498,1.649785356,-0.833565598
0,-0.429276395,-0.446227208,0.467917161,-0.93612004,-0.437550125,-0.217459995,0.8551001,0.155407747,0.189066156,2.487003613
0,-0.436261871,0.111576417,0.695647699,0.274532164,-0.114029303,0.143438124,-0.404289959,0.159968483,-0.19141083,-0.561953165
1,-0.038711935,-0.406769973,0.002041584,0.008878246,-0.625063194,-0.376953572,0.383779856,-0.321997003,-0.184062526,0.170290883
0,-0.730681965,0.140394778,0.841935867,0.459528579,-0.872493399,1.317605504,-0.229225722,-0.317537273,-0.333969427,-0.693254299
1,2.759093319,0.628970268,-2.686743573,-0.108610471,5.007073501,-0.515982821,-0.011795255,3.577677823,-1.262584015,1.60618878
0,-0.37062241,-1.667957572,0.30448303,0.937557247,-0.357248998,-0.125980033,0.243638912,-0.290529065,1.359494689,1.634182654
0,-0.59586366,1.498434948,0.846767933,0.088387486,-0.331603612,0.697956955,0.551616301,0.011963809,0.560017132,0.009281579
0,-0.773338892,-1.368598259,0.706808745,0.139539796,-0.938920932,1.893925867,0.988562641,-1.198190154,0.712197048,-0.909023905
1,2.245708854,1.220115657,-2.750243593,-0.00549321,0.942553669,-0.154699854,-1.988720478,0.465396667,-1.482590116,0.746418444
0,1.572215871,-0.158366236,-1.533533519,0.099064619,0.088023734,-1.68265784,0.060369231,0.863996953,-1.114385045,1.026795368
0,-1.578127831,-2.195631186,1.358684513,0.026792071,-1.092880546,1.102385476,1.729809934,-0.508045093,1.445923675,0.272139947
0,0.729587594,-0.658640711,-0.669286852,0.609102748,-0.552970484,-0.729030547,0.125985449,-0.435082524,-0.77955712,-0.758303648
0,-0.223015581,0.206202071,-0.13781357,0.277016706,-0.560536105,0.58604141,0.25873411,1.130269274,-0.312149204,-0.837784305
1,1.889859485,-0.101921072,-2.088682382,-0.366801562,0.842244227,-1.160675797,-0.591555124,2.090781804,-1.363612129,-0.996868647
1,0.910976914,-0.299534418,-0.587728935,0.19793159,-0.01430408,-1.151288718,0.278463994,-0.001826131,-0.73031036,1.080478452
0,-0.441202953,0.551208262,0.625349171,0.506683729,-0.488007701,1.83052388,0.499681967,-0.661220283,0.398114739,-0.694378284
0,0.455173398,0.491679615,-0.258767265,0.010624406,0.019399742,-0.332020283,-0.554937516,-0.291028727,-0.703408553,-0.091742506
1,1.330059169,-0.455903312,-1.142770672,-0.329962907,-0.042119777,-1.580374492,0.233046474,1.931012932,-0.287184219,-0.058884097
1,-0.987011534,1.217278567,1.109911783,0.531780193,-0.026724429,1.284947791,-0.680699449,-0.531094589,0.168185092,0.797143792
1,0.770718848,1.009597282,-0.63792974,0.20717812,0.143763609,-0.439768749,-0.88526883,-0.239990637,-1.169649651,0.750572477
0,1.060118057,-0.642413073,-0.810006945,0.083164482,-0.074456449,-1.097380673,0.668263277,0.728001076,-0.624695505,0.278638829
1,-0.258548628,1.399179772,-0.421026283,0.385908857,-0.663012173,-0.877422927,0.251347676,1.261324663,-0.831282998,-0.178429678
0,-0.588185589,-0.381139382,0.56596295,0.477110319,0.407401926,0.100816344,0.490453204,-0.980449693,0.325489827,-0.44857098
1,-0.750461279,-1.775505337,0.611782415,-0.274218727,0.117751442,-0.174114792,0.48925366,-1.30550549,0.508780093,3.245085717
0,-0.035242704,-0.717756097,0.125583252,-0.215610636,-0.219918878,-0.588014994,0.479920287,0.00733478,-0.527978572,0.545762699
0,0.888715139,0.114420413,-0.639686728,0.167589592,0.064672476,-1.281637929,0.025925214,-0.092700116,-1.339150533,-0.558948462
0,-0.208973898,-1.442033793,0.214890621,0.04341549,-0.630673463,0.674999473,0.613519497,0.119746359,0.282470776,-0.075087561
0,-1.058940853,0.226255515,0.997699663,-0.412099171,-0.126355311,1.516609543,0.474030411,-0.862204551,0.4655558,0.164674559
0,0.588893989,0.324689642,-0.736506305,-0.410262438,0.424568887,-1.21533394,-0.127406982,-0.452361859,-0.993452068,0.883791355
0,0.08259607,-0.469788269,-0.968592603,0.749223201,-0.621488903,-0.364914477,0.648657939,1.233880507,-0.824362101,-0.646950229
0,-1.329414844,0.669160476,1.151984681,0.968707028,-0.862635856,0.354508715,1.62847682,-0.502495186,0.761918142,-0.120458464
0,-0.900522229,1.206709213,0.738639734,-0.343031769,-0.19495722,-0.623725229,-0.474914916,-1.392541919,-0.272325944,0.086962068
0,-0.785109831,-1.420787017,0.54049535,-0.417926658,-1.590991415,-0.835736837,1.066322983,-0.096690646,0.802656525,-0.578533163
1,-0.928058893,0.821924512,0.723714137,-0.970481558,-0.322492388,-0.597333308,0.609394035,0.066013021,-0.347253434,-0.990581014
0,-1.064513222,-0.149832562,1.006151515,-0.273950789,-0.707476841,0.322760922,-0.00598629,-0.627655204,0.367207136,-1.381251777
1,-0.568262811,1.040832935,0.442285921,0.403090409,0.068990393,0.836831805,0.705672695,-0.798716316,1.546678723,-0.437391981
0,-0.28978721,-0.403644478,0.350132148,-0.781906411,-0.405262243,0.834105163,-0.352348933,-0.992252628,0.998351907,-0.476162025
0,-1.30268315,0.537395715,1.30250499,-0.404526881,-0.188550547,2.939827847,-0.007033645,-0.351791599,0.2674973,-0.311954296
0,-0.773407771,-0.464254136,0.67877567,0.786984835,0.612979526,-0.24689968,0.64512013,-0.459587498,0.132853772,1.04624118
1,2.131490039,0.17470919,-2.018545809,0.420978888,2.932404154,-2.918352503,-0.657807634,3.386286054,-0.805579619,-0.283613853
0,0.03683645,-0.345818751,0.036271552,0.809823018,-0.56125132,1.926678678,-0.363251458,0.981972961,1.522108608,0.588592051
0,-0.684958528,-1.071721011,0.288031843,-0.158131464,-0.032033572,-0.469829496,1.09505972,-0.406159869,-0.063846311,1.14202439
0,-0.751022333,-0.435623852,0.805905834,-0.729186815,-0.719738981,0.137410451,1.027116113,-0.733240193,1.816626111,-1.123897011
0,-0.977681511,0.907937204,0.905422416,0.257105428,-0.387167846,0.065356624,1.034810055,-0.431469161,-0.207303693,-0.560291333
0,-0.873059758,-0.240449598,0.82169835,-0.118631137,-0.719311546,-0.877820555,0.048926851,-0.347774548,-0.334332365,-0.78078185
1,-0.054579667,-1.042013044,0.161604816,1.19808197,0.240768374,-1.078464529,1.276734862,-0.580939956,-0.106042837,-0.294374609
0,0.03107131,0.213785092,0.214811448,-0.052357498,-0.128315885,-0.368049014,0.595100003,-0.877618178,-0.52762692,-0.627385573
1,0.118343063,0.951115894,0.036711715,0.23493178,0.12327838,-0.215987917,-1.290430416,-0.483237063,-0.712009019,0.259535099
0,1.324637726,0.176007724,-1.175458343,-0.297470725,-0.276657709,-0.900976258,-0.532860614,-0.043775028,-0.89864267,-0.113913967
0,-1.078596131,1.299084075,0.878593338,-0.426954666,0.063619778,0.287690145,-0.02580899,0.052692933,-0.319677083,1.543270911
1,-0.000115325,-0.318115163,0.210797906,-0.154844883,-0.190184078,-0.642358104,0.33806763,-0.053934261,0.549567485,0.762864295
0,-0.683605581,-0.432365504,0.583922991,0.500840108,-1.279735064,-0.273503357,0.85618239,-0.114346778,0.668602887,-0.2954249
0,-0.394345918,-0.550128591,0.409904824,0.038501685,-0.1494643,1.115522054,0.414187038,-0.06318458,0.234212151,0.907716905
0,-0.637349413,-0.609416957,0.217635518,-0.091189737,-0.176539306,0.569408894,0.629147278,1.027405713,-0.574171102,0.134749513
1,1.064056895,-0.172429959,-1.053994197,0.101972569,0.093624134,-0.983571733,-0.501661786,0.020694309,-1.381174259,-0.19909882
0,0.288323278,0.00681898,-0.007977014,-0.476029978,0.271922581,-0.517411795,0.025821923,0.198258987,-0.551667637,0.098646653
1,1.113431409,-0.12020632,-0.84507699,-0.484285141,0.296850805,-0.643558619,-0.244058752,-0.62160496,-0.729974243,-1.003423617
1,2.247822063,0.289234627,-2.055881722,0.306422432,1.756292645,-0.478856819,-0.152083388,2.284803755,-1.081510442,0.676020959
1,-0.656473847,0.302674186,0.48255808,0.579342014,0.781732343,-0.893858421,-0.059741238,-0.03395038,-0.616563017,3.296962719
0,-1.317764389,-0.502936352,1.316711679,-0.536968445,-0.704410052,3.060858287,1.413093294,-0.608468759,1.017906688,-0.094503154
0,-0.732730863,0.417991472,0.923491898,-0.16125259,0.699356469,0.143090396,0.42838353,-0.878098711,0.36492476,0.218615014
1,2.390290153,0.387277357,-2.306434025,-0.233126409,1.584686641,-1.560760106,-0.168649097,2.449278581,-0.881923866,1.22826186
0,0.830529531,-0.358685223,-0.672749968,0.481290511,0.244504756,-1.910371445,0.560410941,-0.342257848,-1.473278539,-0.088645361
0,-0.128570877,-0.764583846,0.338457832,0.819118358,-0.057489974,-0.701122297,0.856242366,0.128260534,-0.31615052,-0.008774185
1,1.057959886,0.821168556,-0.772140817,-0.107658939,0.53834338,0.04155967,-1.764353481,-0.473975531,-0.761684185,-0.927221492
0,-1.299785062,0.209382768,1.282066424,-0.0565425,-0.056873407,1.012683186,-0.278651091,-0.384838673,0.771589071,-0.048067314
1,1.52098774,-1.262320157,-1.256970745,0.499510999,2.813702715,-0.44343764,-0.159398724,3.042393634,-0.397594197,1.890735018
0,-0.710426253,0.820241573,0.899038525,0.259351892,0.192998147,0.055007448,-1.675289011,-0.299831835,-0.611103173,-0.021544708
0,0.420388164,-1.22446073,-0.383995176,-0.208579617,-0.117220616,-0.675143977,0.383257693,-0.454709321,-0.435012229,0.165067289
0,0.383410779,-0.232390055,-0.332335249,-0.161982807,-0.147186788,-0.558082265,-0.0160798,-0.463988469,-0.724317934,0.054123421
0,1.686895343,-0.44318041,-1.297183584,-0.528409127,4.684128375,-0.128261109,-0.727052075,2.865112335,0.409963653,-0.655221525
1,0.674291747,1.421381288,-0.455216182,0.040006913,0.440513981,0.127142391,-3.211600561,-0.153312506,-0.855549453,0.323963941
0,-0.272008518,-0.480499886,0.316603208,0.13336708,-0.86749008,-0.506581151,-0.03993016,-0.342922871,-0.787564846,-0.974187945
1,2.28222352,0.602502345,-1.820938234,-0.022760514,2.723731641,-2.191832844,0.363604459,2.642107179,-1.386564201,1.981261535
0,-0.392577203,0.604227014,0.594550647,0.26948131,0.027752871,1.23542055,-0.37287473,-0.09421511,-0.160183924,0.051165564
1,1.756781879,-0.932450878,-1.462597816,-0.150686925,1.729593943,-0.570561557,-0.163622529,1.114684974,0.198734729,0.18445474
0,0.170472542,0.155942134,-0.044690503,-0.2664583,-0.608115175,-0.828809499,-0.448142848,-0.712178039,-0.708262171,-0.114483458
0,-1.12694163,-0.766196484,0.988027719,-1.421629479,-0.92473492,1.094436611,1.285167766,-0.501261731,2.304800168,-1.119228691
0,-0.471098582,0.127155722,0.460679838,0.274554989,-0.284923117,0.541976928,-0.257998923,-0.181924305,0.289244494,-0.858740996
0,-0.390259168,-0.264808804,0.538566835,-1.840327966,0.225051974,0.481513383,0.561904991,-0.314741743,1.740658245,-0.657211613
1,-0.369675383,0.699873235,-0.126526032,0.419418664,-0.742426856,-0.210273313,1.107320033,0.85356034,-0.312579582,-0.244200268
0,-1.08199153,-0.44745765,0.986043562,0.015689465,-0.671935425,-0.255242692,0.36716713,-0.621834302,0.881199774,-0.175748127
0,0.155606938,-1.797140597,-0.190100208,-0.836777973,-0.760372173,-0.592943435,0.9364311,-0.276205081,0.130934241,-1.225297279
0,-0.786318099,-0.26803839,0.685097105,0.259503354,-0.778071563,1.468452812,0.631660293,-0.454922037,0.724188491,-0.183006041
1,-0.990290323,-2.96980481,0.856918049,0.620369312,-1.121665369,0.687845289,1.447621628,0.209464892,1.612477953,-1.481248683
0,-0.51983783,-0.52367431,0.415735881,-0.495683835,-0.815335025,-0.65762256,1.635405176,-0.909244196,0.485305061,-1.411857976
0,-1.397502092,0.422189806,1.286763219,0.214419965,-0.260231425,-0.135226625,-1.343385736,-0.508004686,-0.282389357,-0.343062962
0,-0.50554031,-0.826339929,0.532171284,0.828112336,-0.321709478,-0.467857924,-0.462917221,-0.244404112,-0.217729228,-0.353989657
1,-0.075924236,1.208317949,0.264225576,0.277868762,-0.105748619,-0.743597021,-1.112081311,-0.596088844,-1.160837291,-0.495440245
0,-0.737128893,0.606226521,0.335083395,0.343164648,-1.047839787,-0.70485705,0.557061145,0.069354237,0.081765667,-1.695321875
0,0.517223401,0.12095443,-0.468463768,-0.293903673,-0.662479542,-0.186398334,-0.423552006,-0.114686239,-0.422976689,-1.01008163
1,-0.125613983,-0.653603127,-0.079070694,1.211995536,-0.190107031,-0.868802715,1.126307008,0.017555838,-0.336222534,-0.159214588
0,1.001241965,0.21809232,-0.893397883,-0.586391053,0.045657361,-1.543742527,-0.315235725,-0.51814939,-0.948008356,0.281048521
1,1.482071878,0.804786759,-1.57653872,0.152882154,0.417470229,-0.858903116,-0.977897675,0.01728717,-1.596897449,0.347201744
1,0.891987143,0.986535008,-0.736073471,-0.066748915,0.763079405,-0.113336898,-1.494187915,-0.500703145,-0.970083675,0.294487424
1,0.077734448,1.341223208,0.186619657,-0.090639524,0.356723514,0.265643531,-2.560014388,-0.167140255,-0.671224383,0.461135283
0,1.307496977,0.917010186,-0.889372414,0.172135123,0.66453788,0.561939533,-1.431693476,-0.531254819,-0.640720829,-0.529527485
1,2.093363976,-0.052034802,-1.601194013,-0.058058413,0.721211866,-0.471127421,-0.386914164,2.570418708,-0.129960364,0.063490662
1,1.04676697,0.03804212,-0.871230829,-0.46732895,0.989448985,-0.251510827,-0.163777322,-0.599992623,-0.505493985,0.307439962
0,-0.696719336,-0.35715713,0.742342811,-0.336650232,-0.568173574,-0.130446953,-0.59131102,-0.572402149,-0.141923862,-0.77081364
0,0.078293847,-0.688609737,-0.081568801,-0.012623706,-0.242641831,-0.015533268,1.339314662,-0.098189644,-0.614481879,0.74794079
0,-0.700107421,0.075351691,-0.044309876,-11.40027723,-2.017758952,-1.060837725,1.471152196,0.537789663,5.856527571,-1.3685179
0,-1.172804566,0.024589571,1.120226719,0.269649695,-0.320216157,2.279887783,1.163458199,0.038829618,0.589119758,-0.257734631
0,-0.540508739,0.190477677,0.495593792,-0.292798415,-1.01977539,0.863146893,0.165832014,0.480994824,-0.319387127,-1.453343515
0,-0.573775365,-0.734406971,0.252995995,0.746209057,-0.858072076,-1.691879705,2.154126653,-1.631237281,0.524597526,-1.968306323
0,0.356263791,0.380509507,-0.160299719,0.034490566,0.267956812,1.335378897,-0.793541674,-0.613353821,-0.000671872,2.082180245
0,-0.040850728,1.034513867,0.322100932,0.030082762,0.063601036,0.131535728,-2.647263033,-0.250289588,-0.28372491,0.535972423
0,-0.117330853,-2.774766425,-0.977095954,-1.006238567,0.141871046,-2.266705484,0.873537424,-1.690250541,2.912980164,0.763179395
0,-1.619105825,-0.525593324,1.494451668,-0.300793106,-0.434092754,1.510950482,0.417424428,-0.616816477,0.888686543,-0.070057007
1,0.942443022,-0.983049089,-0.786631473,-0.206002938,0.490272864,-0.904443204,0.032890892,0.639830415,-0.293430465,1.961010945
1,-0.079184915,1.209603378,0.272297304,0.012623186,-0.071703994,-0.482764633,-1.177026647,-0.444983107,-0.787163088,-0.477938622
1,-0.898916769,1.12369601,1.010018471,0.479635161,0.062931398,1.079934392,-0.697897055,-0.354895197,-0.044137642,1.00485555
1,0.05549323,1.556733624,0.336151061,-0.062619061,0.409783988,0.332200195,-2.377968549,-0.106538417,-0.758497988,0.028080849
1,-0.307313555,0.433619747,-0.33972676,0.355426696,-0.481007363,-0.238800849,0.890580928,0.8834015,-0.403415335,-0.266309914
1,-0.125552385,-0.650396822,-0.089104077,1.200314242,-0.184604831,-0.862739211,1.116432986,0.028198378,-0.34000876,-0.161146914
1,-0.986131378,0.999387578,1.111962537,0.501087284,-0.019382663,1.321659508,-0.341884226,-0.542443074,0.251575722,0.718309115
1,-0.984496701,0.594707527,1.115771318,0.444082596,-0.005747101,1.389842683,0.287383475,-0.563520152,0.406453739,0.571892684
1,-0.062363042,1.540673256,0.433226503,-0.060677239,0.373890878,0.388847857,-2.232217232,-0.160995222,-0.631992869,0.005415209
1,1.276357439,-0.134467018,-1.058821383,0.159161123,1.642874068,-1.000119323,0.355459416,0.70350335,-0.315809399,0.879350029
1,-0.208376446,0.603752326,0.410498252,0.163610458,-0.322349504,-0.144722039,-0.814415855,-0.447240722,-0.612074496,-0.615820689
1,-0.112257681,1.127300428,0.305312361,0.262136461,-0.158590857,-0.683572688,-1.049576191,-0.579814276,-1.103267616,-0.571352439
1,0.267933737,0.051126004,-0.172913328,0.023597102,-0.532803788,-0.468426846,0.140367099,-0.261009558,-0.556355289,0.982928724
1,-0.133955053,-0.088305349,-0.034957005,0.127021654,-0.658837562,-0.328987104,0.591996875,0.016299409,-0.221046565,0.051010552
1,0.792608198,-0.234986305,-0.511371402,0.165840822,-0.109747351,-1.025590342,0.253043691,-0.049535539,-0.698289433,1.062521903
1,0.893331829,-0.299894271,-0.572263899,0.191099383,-0.017710341,-1.14143228,0.279618335,-0.002835307,-0.70552302,1.074327232
1,1.5060894,-1.130459184,-1.245484062,-0.39248033,1.112655301,-1.062037538,0.159987237,1.894418288,-0.367574232,-0.107942508
1,-0.898392531,1.17993771,0.96862338,0.504545816,-0.006468482,1.190113849,-0.387304124,-0.587730871,0.459913102,0.535881312
1,-0.693488313,1.146599958,0.82492709,0.452953089,0.013108316,0.886379328,-0.84261147,-0.518386183,-0.065547514,0.6543836
1,0.354531832,1.107283028,-0.194454401,0.241927742,0.021110095,-0.589122573,-0.996763758,-0.415038958,-1.165317731,0.138066067
1,-0.248803326,1.388994899,-0.3844595,0.380143563,-0.633275171,-0.870281636,0.178591635,1.162208351,-0.848868854,-0.195346169
1,-0.34183345,-0.989690267,0.261719469,-0.111687771,-0.308711518,-0.290568107,0.428699292,-0.740855952,0.111006948,1.47979187
1,-0.640364086,-1.561664554,0.552946529,-0.256703173,0.072568502,-0.242819466,0.467070349,-1.121864227,0.514764769,2.880872905
1,-0.599000399,0.749999019,0.222662898,-0.151405661,-0.569962095,-0.36923671,0.902824583,0.530119017,-0.326819941,-0.550734708
1,-0.609925698,0.472066964,0.716728109,-0.217378546,-0.575364372,-0.240158906,-0.116707103,-0.272706341,-0.475833821,-1.225257253
1,-0.611115222,1.058889398,0.510607032,0.416259805,0.059195471,0.882689498,0.563799094,-0.771329399,1.405611365,-0.311056468
1,-0.741648227,1.113891305,0.718720407,0.456375185,0.029359098,1.022376912,0.131637007,-0.687905937,0.975905181,0.073774948
1,-0.043561111,-0.600900155,0.050804083,0.372298716,-0.360465203,-0.59133521,0.656666765,-0.401129929,-0.160219721,0.028289182
1,0.388543589,0.975337673,-0.24271079,0.223436789,0.131762937,-0.308673299,-1.122620886,-0.382489436,-0.901554282,0.462912602
1,-0.002043359,-0.322543777,0.200369806,-0.146666346,-0.211907794,-0.62910023,0.340351114,-0.067324922,0.512920128,0.733263203
1,1.054791286,-0.059638728,-0.956051965,-0.203114069,0.573693452,-0.591262925,-0.320590716,-0.311929587,-0.911900347,0.072353493
1,1.069179911,-0.015161853,-0.862437768,-0.473029712,0.756593768,-0.383319394,-0.190768369,-0.607258806,-0.58096545,-0.133279393
1,1.088009009,-0.147095703,-0.952646185,-0.182427429,0.192211605,-0.818627669,-0.376695749,-0.29089206,-1.065270041,-0.589285536
1,-0.465513184,0.632074369,0.50457664,0.236570324,0.530169712,-0.006777017,-0.7445254,0.502875795,-1.088051473,2.122067032
1,0.386773726,1.050658015,-0.149152726,-0.377798736,0.224245277,0.069038019,-1.503272318,-0.262883708,-0.296667073,-0.641212584
1,-0.149189847,-0.522859903,-0.083654789,1.135434128,-0.243460068,-0.805190036,1.124472903,0.098312272,-0.33393867,-0.167424042
1,-0.324176281,0.547737787,-0.108851237,0.362979741,-0.726292321,-0.233187632,1.007851561,0.691950942,-0.294911738,-0.18721822
1,-0.859967961,-2.701309015,0.760077362,0.700831021,-0.931910574,0.441840109,1.423821143,0.099380192,1.373128655,-1.315945197
1,-0.190831655,-0.828853689,0.335246274,-0.005531876,-0.369595489,-0.386149343,0.551777396,-0.00320129,0.7542933,0.330628586
1,-0.080060441,1.209948529,0.274464647,-0.058598012,-0.062562658,-0.412728422,-1.194465146,-0.404409644,-0.686827675,-0.473239254
1,-0.077644072,1.208995945,0.268482986,0.137965735,-0.087791878,-0.606021717,-1.146336544,-0.516388552,-0.963743892,-0.486209063
1,-0.120484867,-0.386622317,-0.91452481,0.239324162,0.268047076,-0.363910315,0.30412246,0.903732861,-0.651491907,-0.320114461
1,0.945814283,0.656681563,-0.783076586,-0.206056975,0.841803017,-0.161389073,-1.031516531,-0.535232636,-0.808515242,0.298991875
1,1.096819438,-0.080772724,-0.85159421,-0.480059863,0.469437889,-0.545865054,-0.224053591,-0.616219427,-0.67403648,-0.676772279
