V1,V2,V3,V4,V5,V6,V7,V8,V9,V10
0.0033083885,0.6897211700,-0.8815942779,-1.1462274050,2.1730615579,0.8503196647,-1.4292374995,0.5096027592,1.3902499072,1.1810149717
0.0020435053,0.4650014003,-0.3238806848,0.2764851999,1.6300945475,1.5480180849,-1.1378319910,0.4316785249,-1.2542635668,0.5693438237
-0.0084186466,0.6271308253,-0.7011815826,-0.9861021389,0.6987114464,0.6352975760,1.0486677647,0.8084923318,-0.1507961281,1.0485097994
-0.0185932453,0.8359415493,-0.6611861330,0.7909738509,0.2175401472,0.3271065229,-0.7529610867,0.0270328226,-0.9150781461,0.4193900115
-0.0053724099,-3.1977840614,1.1196857996,-1.9021676033,1.7682356894,5.8599380093,-0.8197218585,0.5663952727,1.5354477672,-0.8978464268
-0.0036300953,0.8994570224,-1.0138505705,-1.0170509554,1.2081820670,0.5092968100,-0.1820772766,0.3529538726,0.7259809320,0.1858110167
0.1430789511,-1.5447801791,1.5325689250,0.0485513773,0.0046642383,-1.3318699547,0.0154575177,0.3703840892,0.3099045786,0.1030642865
0.5969411399,0.7324230586,-0.8972346183,-1.2622234118,0.5894864453,1.3476165274,0.0754580470,-0.3041619171,0.9665351729,1.6536619237
-1.7398921175,-1.5028212612,1.8083975085,1.8306010762,-0.3453496215,0.0929727561,-1.2352014277,2.7438034607,-2.1737926539,-0.1558764230
-0.0073640775,0.6001162347,-0.7012494226,0.6972788568,0.8875160555,0.1211522770,0.8008779979,0.3551493384,-0.7238395314,0.6628001658
-0.0189517801,0.0670221400,0.0257802924,-0.2061845950,0.3428937218,-0.4653114953,-1.0926237044,-0.2592991208,0.8188566529,0.4772693451
-0.0073833842,0.8388198863,-0.7530491236,0.2261392083,0.1729009552,-0.4472022225,1.4117274007,-0.3750131549,0.7693441556,0.1568725769
-0.0254322354,0.5869194271,-0.5051513679,-0.0640585498,-0.6468705872,-0.2494401168,-0.0701092517,-0.1438198605,0.2020314296,-1.2848651636
-0.0204288778,0.9164597201,-0.7542741193,-0.2817203826,-0.4981584638,-0.1916726178,-0.0405795496,-0.6607330079,1.1000645794,-0.5999196220
-0.0071087655,0.9122454013,-0.8345366157,0.2715825015,-0.3816593090,0.7129212571,-0.0933198238,0.1841909378,-0.1204509433,-0.1293371020
-0.2050696391,-1.1867506317,1.3651466830,-0.2677304689,-0.8851781822,-0.7942618973,-0.8199914899,-0.1147240698,0.5866063559,-0.6601534776
-0.0013656235,0.9854557763,-0.8848134454,-0.4750832119,1.2049897563,0.4449943592,-1.3066986604,-0.6322408639,0.4896621171,1.0262620543
0.2542427458,0.3891222636,-0.4808995501,-0.2228949396,0.9003549000,0.4414537699,-0.8516500412,-0.1051981478,-0.0303528204,0.7015900342
0.2542373765,0.8953551026,-0.6849727497,-0.4526219910,0.6896366211,0.1303034240,-0.3615240445,0.1623726596,0.7669159211,0.2372840154
0.2549201690,0.4861271708,-0.8679984089,-0.3899620703,1.1449512292,1.0173898748,-0.9768199623,0.0895774219,0.0521643059,0.9087795723
0.2552381887,0.1823918132,-0.5144400324,-1.0326133142,3.8068388511,1.9490891926,-0.3640404449,0.3255334299,0.8622262057,1.6447050232
0.2520778978,0.9859910763,-0.9028965334,-0.1610545646,0.0910380799,1.2892935564,-0.6104904693,-0.4155412391,-0.4130232327,0.9241637535
0.2541625823,1.0791034475,-1.1590439168,-0.6526004989,1.3824747790,1.0368090037,-0.5673850352,-0.1750965301,0.6622762257,0.3792233437
0.5975843948,0.3328551475,-0.4815734667,0.0293074153,2.5105304919,1.2892221933,-1.0083813029,-0.1642795469,0.1230499402,0.8204020855
0.5829497067,0.3716641576,-0.5684538235,0.8024344849,0.1922012982,-0.6305732326,-0.3120614135,-0.8581595087,-0.4496723210,-0.0392105665
0.5903051773,0.0623716147,0.0243606752,0.2156388177,0.3928465435,-0.1775058346,0.5507583632,-0.4754483751,-0.5402484453,1.4617442961
-0.0879891294,-0.0616856780,0.3444652237,0.3273267914,-0.5438683704,-0.4863346467,0.1095148603,-0.1365763403,-0.5653644715,-0.0327144455
-0.0022787000,-0.3484204322,0.2474346303,-0.2455072592,0.7114176853,-0.1790988500,-0.6400566436,-0.1439476477,0.1477524976,-0.5568749752
-0.0594560682,-0.0903386237,0.3601405863,1.0566510205,-0.1111571373,-0.3052009634,0.4712456208,-0.5647947295,-1.2039669368,0.1963062458
-0.0287019171,0.0388880904,0.1754766057,0.2215758023,0.0442371734,-0.6299412798,-0.9921961905,-0.9486428548,0.2081786016,-0.1078545341
-0.0313993972,0.8123766046,-0.6392179921,0.2417156998,-2.0015777499,-0.5390814425,-0.8763104594,-0.2642398998,0.4726881554,-1.9431793825
-0.0756757491,-0.1634674454,0.4295206988,0.5003448213,-0.9411826188,-0.6066187323,0.2306377962,-0.6355418932,-0.4404908849,-1.8502930418
-0.0171855377,0.1530848362,-0.1453301355,-0.6517392430,0.1293300349,0.2539317231,1.0923890576,-0.4869193185,0.5220506967,0.6273104748
-0.0060187700,0.5886140776,-0.6708331905,-0.5300073726,0.0431312059,0.6159740267,2.0422817716,-0.6748746970,0.0813029691,1.0574996253
-0.0004763541,0.7842484054,-0.5412360960,-1.3810869519,1.4488756077,1.9247752372,0.4421201760,-0.9071549024,1.5861822950,1.4028527215
0.5226909945,-0.1803946474,0.5096020907,-0.1576952273,-0.7557440711,-0.4464752486,-0.3790630643,-0.9516140311,0.0873193694,-0.3429790158
0.5734120766,-0.0938363259,0.0787556248,-0.8572492882,-0.4939881586,-0.5129726324,0.0168628395,-0.2105222253,3.0008752778,0.1210597013
0.4580560824,-0.8514138053,1.0063430987,0.4862818957,-1.1236708789,-0.3438052844,-0.5520224810,1.0112743752,-0.1712837309,0.0648217061
-0.0062847724,0.5839735301,-0.6888589519,-0.5175983970,0.6841129476,0.6587337968,-1.7603042653,-1.1379994814,0.4122321541,1.1110336511
-0.0114335503,0.6228920043,-0.5912000360,0.1902220254,0.5062529925,0.4974148377,0.0744730754,0.6860046139,0.1047877093,0.5786827152
-0.0150779704,-0.0324481499,0.1398512645,-0.7072776559,0.6378037625,0.2964408224,0.3011239009,0.8656840257,0.1414479504,1.0326331809
0.5667285448,0.1097774448,0.0780034129,-0.2518249065,-0.6723412918,0.4043235903,-0.5867152008,-0.3503019212,-0.0719443709,0.4075562368
0.4489436116,-0.4523278103,0.7670499991,-0.4629879133,-0.3968015215,-0.0872154418,-0.0987108637,-0.5519745288,-0.4265919794,0.0995616306
-0.3957717010,-2.0745502590,2.2920302635,1.8595617530,-1.3707281377,-1.0431965300,-0.4453312719,2.1203976909,-1.8685833382,-0.1429171715
0.1529041585,-1.4782147374,2.1291890800,4.7669596131,0.7992888326,-0.8025836237,0.4059148984,3.1321993422,-2.7405494401,0.8596158081
0.0014282204,-0.1704826763,-0.1649911509,-0.9292417142,3.2902188342,2.0693011888,-1.0902029725,-1.1425249816,0.6398863023,1.0894706726
0.2416240215,-1.1946139246,1.3881119868,-0.0912162611,0.2375748348,-0.3382619767,0.2494681722,0.9384822987,-0.2764904678,0.2896102333
-0.0122849202,0.4518735161,-0.4815488287,-0.2932765180,-0.0409237557,-0.2781639603,-0.1078319903,0.2275579502,0.6674963520,0.0250304601
-0.0045547481,0.7415814526,-0.7112421822,-0.3142827322,0.2814459063,0.3815045629,1.8579301599,-0.1755675955,-0.0260273738,0.2416389536
-0.1300545602,-0.7023064178,0.8784921985,0.2975860659,-0.3662807864,-1.3042295502,0.4628492665,0.1845381678,-0.8280699314,0.5676659025
0.5925859651,0.0864776284,0.1546788081,0.3414179410,0.1172842646,-0.6790831326,-0.5869911205,-0.4288608242,0.5552240638,-2.8471898056
0.4868853765,-0.1841930199,0.4823864358,-0.1583830703,-1.7021309025,-0.6069007560,0.4217652311,-0.2309508754,0.3277969496,-1.4032801429
0.4078989356,-1.1090628342,1.1261224047,0.0560281829,-0.5951999333,-1.3091368613,-0.8424364939,-0.1668013455,-0.1871005589,-0.5355178296
-0.1191731426,-0.6268035189,0.7712508582,0.1947441523,-0.9025771636,0.0173255500,0.3744359711,0.2692405328,-0.3263484381,-0.5065525774
0.5441261063,0.2332607390,0.1323650221,0.4000460258,-1.4746000084,-0.7579780154,-0.0794245849,-0.4322445038,-0.1189528844,-2.6389310761
-0.2980089823,-1.2505593834,1.5334997965,1.5691004201,-0.3253868464,-0.3466333364,-0.1203045698,0.7638467741,-2.1763258202,0.0889153085
0.2513019581,0.8935340748,-0.8327796211,-0.3409584269,-0.1891358631,-0.3801591024,-0.7169869156,-0.0703165663,0.7964053533,-0.5728266528
0.1011007218,-0.0346716727,-0.4531554207,-0.6464913955,1.2125004659,-0.2362127938,-2.0079888689,-0.7510716630,0.6898451191,0.9727544851
0.1029668548,0.2325057595,-0.4771229351,-0.9953588165,1.0608603416,0.2816706468,-0.9121391215,-1.0343210015,1.2106309357,0.8142458806
-0.0076376365,0.6289547828,-0.6194367500,-0.3440206591,0.4580318070,0.9306118560,1.2009304363,-1.1480668426,0.3551298119,1.7369343875
-0.0045740057,0.8981326856,-1.0494501601,-0.9707142557,1.0839132832,2.0486727567,0.4220789539,0.8159187570,0.8078824808,1.3816178173
-0.0151220969,-0.2371920589,0.2137509334,-0.7924263228,0.5054995246,0.1194487657,-1.8102114303,0.8585880683,-1.0242541894,0.9899624824
-0.0128705617,0.5651605657,-0.6355640122,-0.4481686912,0.8052413402,0.4217880940,-1.1661255669,-0.6637563920,0.4511641547,0.0962540848
-0.0039699023,0.6062080023,-0.7139649960,-0.8116252454,1.1187284302,0.6459395293,1.5537330193,-0.1729432665,0.2416662371,0.6476838402
0.5712128832,-0.0579839297,0.1946748349,0.0881948041,-0.1740714389,-0.7152779582,-0.5254286005,-0.7867367239,0.1567429491,-1.4213594175
0.4029718107,-0.6597376995,0.9753516626,-0.0610439549,-1.1231474471,-0.7315197078,-0.2756827477,0.0093329692,0.3388971851,0.3406172415
0.5534100936,-0.7704484450,0.8711493321,0.7238420432,0.1404374184,-1.3700508871,-0.7177462943,-0.8073422261,-0.1073172117,-1.6419253670
0.5825009531,0.3974618490,-0.3478752470,0.3695507284,-0.3159705234,-0.7070996588,-1.4499352653,0.1754686986,0.3391933202,-0.4916236361
0.4978950474,-0.8026926525,0.9566483557,0.7822012276,-0.4363099256,-0.9443094783,0.0176717398,-0.5406367913,-0.4673643172,-1.6501931460
-0.0081714886,-0.3882884995,-0.2827566892,-1.2493479295,-0.8507104847,-1.1953453346,-1.6761288515,-0.9835336394,0.5945478837,0.1987140664
-0.0050724417,1.1724639356,-1.3244709060,-0.0940033300,0.0958164989,-0.0960451237,3.4326734508,-0.1793016726,0.3290877286,0.9489749487
-0.0054222887,-0.0966985118,-0.6290548215,-2.1563417705,2.0200685464,5.2006968215,0.0274173023,-1.6581564544,2.6361336588,1.5904911631
-0.0045772317,-0.9955950505,-0.0550695422,0.1862569945,2.3748574071,2.5884095567,-1.3619953187,-1.8748322583,-0.9975744536,0.9193285453
-0.0038092134,0.6913312364,-0.8236764909,-1.0674270741,2.6584811941,1.7846288488,2.4657239841,0.1585318368,-0.2669805987,0.4636509308
0.5699595456,0.9762251448,-0.8940052904,-0.0745165842,-1.6457634024,0.0658611059,2.0475597005,-0.7456523666,0.6533216614,-0.7365894768
0.5734489186,-0.0913944420,0.0399890396,-0.7235479707,-0.2299591936,-0.2467453649,0.1419879112,-0.2571116137,1.0927263551,0.4588942202
0.3625574018,-0.9077359076,1.1747520953,0.2764726798,-1.6965089021,-0.7312214167,-0.4978000697,0.0881335826,-1.4380621521,-0.2462118506
-0.0122548370,-0.1868050742,-0.1591599972,-0.5756596884,-0.5143775613,-0.2737710744,0.2463605516,-0.4547953149,0.1428041516,0.2288620089
0.4574004535,-0.7951394383,0.8445748046,0.6428617232,0.3480886787,-0.2986234682,-0.3603540352,0.5871557179,-0.0575062191,0.6254632811
0.5813193723,-0.3706169581,0.4668038807,-1.2264616533,-0.2860983398,-0.5379892912,0.0097718845,0.0400116152,-0.4218314636,0.0947364051
-0.0066799896,0.1557300069,-0.5672435292,-0.1591298070,-0.5342963536,-0.5063056229,-1.4019037094,-0.1696834484,0.9028050712,0.6448615510
-0.0083725564,-1.9261166946,0.5035693666,-0.8343086734,0.1476507254,-0.2541672716,-0.9386789468,-0.2724115205,0.9272138194,0.4849782591
-0.0185525759,-0.0545978501,-0.2546248026,-0.0789504296,-4.7498699035,-1.2324112302,-1.6922307743,-0.8328991896,0.3493289182,-1.2934520401
-0.0082978456,-0.9874006392,0.1418414474,-0.6417765462,-0.2053362523,-0.7283406949,-1.1025624145,-0.4920159682,0.5386139985,0.6667733694
-0.0057916265,-0.4906396629,-0.1983191123,-0.6634895187,0.1280507342,0.1028723096,-1.2827348733,-1.3712885898,0.0481023328,1.7249840631
0.5851477402,0.8880492007,-0.8145112009,-0.1230452657,-0.6714110185,-0.7482804401,-0.0596955154,0.1694362523,0.3248187366,-0.5332816723
0.5589294592,0.1612640061,0.0033380929,-0.1602358833,-0.8140262138,-1.1135961155,-0.9768002994,-0.1350946042,0.4778913825,-1.2210610685
0.5944676776,-0.4990916088,-0.1765313775,-0.7647120735,-0.7115164193,-0.8211291144,-1.1870754038,-1.0422049671,0.6238839700,0.3101637457
0.5511306662,0.4113709174,-0.1421140304,0.2372133493,-0.9245873050,0.2648656898,1.6656459224,-0.4393315814,-0.7112387059,0.0036180939
0.5848556334,0.3941273276,-0.3693419964,0.5135533671,-1.7440428721,-1.0735443726,-0.8757601778,-0.0883224649,0.3959124970,-0.8533796604
0.5975378831,-0.4783010291,-0.0767857433,-0.5078521167,0.1731720319,-0.8752760878,0.3245037956,-0.8634590875,-0.0373156871,-0.6213406717
0.4896366241,-0.2567564602,0.5442270066,0.1909414650,-1.3897281405,-0.3162602712,0.1641825056,-0.6485765466,-0.0843157507,-0.5179534563
0.5316601500,-0.7081146328,0.8372094146,0.1104155883,-0.1107274910,-1.1214167525,0.1592887294,-0.8816632655,-0.0372341472,-0.9663350047
0.2445557071,0.8094077723,-0.5936795265,0.1387005655,-1.2167654297,0.2196426133,1.9164612735,-0.3604153164,-0.4655048680,-0.5868549178
0.2498225730,0.9536408702,-1.0630142551,-0.4004862686,-1.6942404766,0.1987073369,1.7739852758,-0.5539261923,0.3334450150,-0.2343792399
0.2531562773,1.0071697505,-0.8107094136,-0.1314395432,-0.6863354852,0.4082629032,0.7427472745,-0.3960716248,0.5173344181,0.2455110489
0.2539605305,0.4011945490,-0.8093211702,-0.9994165686,0.8653288529,0.0879128556,-1.0496066245,-0.7457882841,1.0753586507,0.5501533022
-0.0105693482,1.1215758548,-1.1040962857,-0.3819604358,-0.2651264938,0.5968803523,-0.7064318892,-0.0260046440,0.4925905728,-0.0563953502
-0.0079886679,0.6753388574,-0.5844735001,0.4854012078,0.5153909420,0.6724206695,1.3666657907,-0.3658403479,-0.2371788290,0.8573598917
-0.0059270007,0.7716802228,-0.6296363241,-0.1116380310,1.1646515023,1.1316741419,1.0578681903,-0.8892109735,0.4665886804,-1.7296314384
0.5984280096,0.6040586477,-0.8359419605,-0.3953426776,0.1968191675,-0.3915711386,-0.6337823921,-0.9719712798,0.6575160276,0.7122745081
0.5948342293,0.4248844135,-0.3578210360,-0.2212426394,0.9901450095,-0.3070186731,0.5966636084,-0.6706123043,0.5991328475,0.1437417810
0.4351349172,-1.2643065069,1.2603964697,0.1375471489,-0.6447258349,-1.3647556953,-0.6400424770,-0.2346072150,0.4972224194,-2.4713034801
0.2521541212,0.9460973767,-0.8886911507,-0.3532132349,0.3998995394,0.2272808801,2.5048918795,-0.8621454670,0.3914390725,0.6276512132
0.2520481131,0.0900123636,-0.0244484223,-0.5504813692,-1.5171895860,1.7975420253,-0.0213360958,-0.6279987303,0.3217293523,-0.2782508738
-0.0218620803,-1.1854860849,1.3675607567,0.2746355409,-0.0258861988,-0.9538234187,-1.4588653641,1.6782195612,-0.3804100832,0.0822802006
0.0699416839,-0.6913137656,0.8315317401,-0.1769159573,-0.0919055993,-0.7860177852,0.4925703600,0.0510480584,-1.3288637399,0.3884069423
0.2517144924,0.9350373442,-0.8289475345,-0.1976420627,-0.7007221441,-0.4705750934,1.0952916133,0.2763741514,0.4563417307,-0.9096452462
0.2537976360,0.4043902394,-0.3303663082,0.2339373213,-0.8525733371,-1.2955320967,-0.0087735120,-0.3199414284,0.0643275316,-0.5912270209
0.2543952051,0.4791134680,-0.4617073940,-0.1705593191,0.3966330815,0.2688607038,0.2911487146,-0.3151570718,0.6630273044,0.4215475366
0.2537031052,0.3655406521,-0.6054129594,-0.8456094510,-0.4210835001,0.3791929022,0.4261168069,-0.1743113526,0.6363143097,0.3529279202
0.2479329263,0.9079546011,-0.9471676933,-0.6963105532,-0.9504149414,-0.4059787814,-1.4801967973,-0.5862155769,1.0225279499,0.0927646173
0.1013593757,0.7820821313,-0.6614638910,0.3599981804,0.3327367956,-1.0851307706,-0.6890675805,0.0450898128,0.0676316958,-0.3646770517
-0.0603338096,-2.0780582230,1.8382228133,0.8155544129,-0.4965016016,-1.4837461759,-1.0379593715,0.3331392395,-1.2649620599,-0.5564599036
-0.1907490535,-2.3647537071,2.0628032751,0.4464396120,-1.0722506291,-1.2768698734,-1.4040973427,0.1516773844,-0.0660751927,-1.2681832337
-0.0175250624,0.2511020500,-0.2074138670,-0.9086195026,0.0773018521,-0.6956845194,-0.1883717709,0.0725047049,0.5256882228,-0.1065585709
-0.0170918188,0.6878504996,-0.4761962293,-0.1883785654,-0.0542686094,0.6759050318,0.7425633008,-0.2081411928,0.4600370249,0.4657821317
0.2462934074,0.7905967581,-0.6421304771,-0.1910254932,-0.6693281854,0.4773640873,0.8457794911,-0.1685708173,-0.4518713285,0.0079360131
0.2547797866,0.2509439198,-0.4759168412,-1.2619582727,1.1689817647,0.7251285544,0.3113381560,0.7329856268,1.4311314429,1.6742532905
-0.2762704179,-0.9954120238,1.3575878252,0.1762545730,-0.8332526482,-0.9386700907,1.2087393229,-0.4852125705,-1.3221281028,-0.3940865992
0.5629265861,-0.0653223056,0.1681029726,-0.1724698975,-0.5607393266,-0.1870746516,1.6773963823,-0.3266883337,0.0234977866,-0.4510201303
0.2422856512,-0.2938541817,0.3270101390,-0.1684580459,0.0661847985,-0.8688759745,-0.1874343595,-0.4845562812,0.8123201678,0.0342499551
0.2545676199,-0.1737887580,-0.3859458846,-0.3491415969,1.5719489792,3.1196857835,-0.8153653275,0.7021056896,0.9821340270,2.3979746796
0.2550976769,0.3514564860,-0.5651993880,-0.8177250235,1.3682075768,3.6998648519,1.8663427388,-0.1084172957,-0.0927254322,1.6870625048
0.2543170021,0.8598229359,-1.0984626660,-1.3134099819,1.3154321152,1.4086330870,0.5385943427,-0.0992836781,1.2094435228,1.4685796717
0.2542700622,1.1000438383,-1.1413192890,-0.6853916433,0.1485177403,0.4267204047,0.2207315065,0.0682884373,0.3464290240,0.0433354612
-0.0089430070,0.2834128325,-0.2249243642,-0.4072306716,0.9252697782,0.8892492169,-1.0099948462,-0.1756029172,0.2376752701,-0.4574264065
-0.0284374734,0.6176303869,-0.4220323210,0.3345064336,-0.3271383477,-0.1197992849,2.4957808492,-0.9480081332,-0.2026025608,-0.8344968331
-0.0151312306,0.3899441565,-0.4035006218,-0.2766961410,0.1146978962,0.2599431422,0.0688560995,-0.8296194626,-0.2038317974,-0.3514648361
0.2534387043,1.2188415771,-1.2511367705,-0.3280980283,0.2791206333,0.6901217662,1.3409831745,0.6406627386,-0.1579187352,1.0959915861
-0.0132397645,1.1371975607,-1.0639682261,-0.2835237952,-0.2514645614,0.7543861328,-0.6084143592,-0.2984205943,0.6704185877,-0.3005456406
-0.0047986801,1.1814885165,-1.2196862181,-0.0293255408,0.3631062865,0.6880057556,-0.3482539368,-0.1014282244,0.6265264470,-0.3746586456
-0.0058060401,1.0853301209,-1.0990903153,0.0620792619,-0.2626918243,0.8451162143,-0.0164483676,0.0539926696,1.0979999513,0.3981208189
-0.0054679248,0.1898057839,-0.5046285071,-0.8984035839,2.4145958816,0.4688100783,0.0545028793,0.5379608019,0.5413360946,2.3575185961
0.2536434360,0.5722528906,-0.6659747904,-0.6921861728,0.9717088273,0.7473194396,0.3926449963,-0.4941469782,0.5210373658,1.5116975104
0.2540925447,0.9951447123,-1.0532638687,-0.3898688508,-0.4848072093,-0.2552008542,1.5010133856,-0.2995952908,-0.0298515172,0.9801910859
0.2540865985,1.0912420929,-1.1356683893,-0.1492385537,0.1168119501,0.5434563153,0.1621453562,0.0439484805,0.0875448122,0.4754145595
0.2534779733,0.4851859216,-0.5889678491,-0.7849035278,0.2470139610,0.5668978942,-0.3348450907,0.3108911375,0.3416665513,1.5208068557
-0.0227005584,0.1382607501,-0.1082035280,0.0071398066,-0.1692416699,0.1053496419,0.2628816497,-0.7012774057,0.3077979690,1.0853146446
-0.6265667560,-1.0155567289,1.5405012497,1.0211529167,-0.1676731821,-0.5914979167,-0.7961010877,0.6602696232,-1.4333096243,0.5226405023
-0.0035679611,0.7002737725,-0.6641350990,0.5216589675,1.3523012034,-0.2262480351,-0.2283779303,0.0812671137,-0.5588363640,0.7776603755
-0.0387461800,0.4588382094,-0.4374227901,-0.3165991262,-1.7726914789,-0.1899769081,-0.2462612366,0.0573754460,-0.7644378085,-0.5816022219
-0.0438363115,-0.0803025320,0.2655832834,-0.2214120684,-0.5054391952,-1.1494822447,-0.6381119882,-0.3614978678,0.6524544339,-0.8552380283
-0.0124009978,0.4914021727,-0.5188213503,0.4742842548,0.4088195091,0.2921095077,0.4662598813,0.1269602451,-0.8229927768,0.4890985375
-0.0090714976,0.4235896334,-0.4718637141,-1.0738067705,0.5333040322,-0.2801944580,1.9917073215,0.0384902774,0.5606690614,0.1245265458
0.2543925700,1.1620254362,-1.2448503864,-0.0093026576,0.0222182460,1.7676482314,1.4462364283,0.0829793173,0.1957214257,0.3648622534
0.2542678239,-0.6894464007,-0.0016177009,-0.1244833756,0.9933415706,0.0529597430,-1.7731764044,-0.3359083364,0.2514764980,-0.6233183372
0.2543610438,-0.1887391791,-0.2583142917,-0.3398266525,0.2039049317,-0.3927496301,-0.3582407141,-0.3340143847,0.9049150687,0.3930360295
0.0910067445,0.9160483372,-0.5876042722,0.2559888494,-0.6587105333,-0.0456863177,0.6385427517,-0.1887205947,0.2832290817,-1.5532999636
-0.0391937328,0.2721626622,-0.0661400084,-0.0299943447,0.3519409642,-0.2773220914,-0.0740484937,-0.4923584005,0.0506562872,0.8999050019
0.2345952026,0.2385370738,0.1409477118,-0.0585057442,-1.5205923575,-0.7440734530,-0.5030512057,-0.4590120695,-0.0835281157,-0.0531169013
0.2484322383,0.7034768736,-0.5092247798,-0.4829054998,-0.0341017698,0.4634064870,2.7267758872,-0.5703249357,-0.3110273765,0.4985043836
0.2541096235,1.1017266226,-0.7134180622,0.0544038154,0.4703142764,0.8577218348,1.2670788519,-0.3851262318,0.3669442100,1.0320356035
0.2544882523,0.3521951364,-0.7564155742,-0.0622156348,-0.1817749533,-0.0849227087,-0.3413019921,0.2708520515,0.8181938165,1.0344238259
0.2443670482,0.8800932857,-0.8130503112,-0.1217411533,-1.4388550753,-0.5692861042,-0.2245557719,-0.5762440267,0.5019432226,-1.5584122783
0.2564370589,0.6151102373,-0.8579782980,-1.5005379493,1.8508680151,0.9435813245,0.1351783197,-0.3823336619,2.1216413565,1.0085569271
0.1441484253,-0.8739518131,1.2641193779,0.5804536122,-1.7713118751,-0.7696495714,1.2783266244,0.3455089895,-1.3063049032,-1.2399912941
0.2525520699,0.2219191749,-0.3067299032,-0.7533237963,0.9149533879,0.8015770754,-1.2728870296,-0.7819358246,0.2046368318,1.1162721827
0.2550992215,0.8756471402,-1.2079903278,-1.0212589453,2.0471333871,0.9624745352,0.1773195748,-0.9549490733,1.9017678426,1.7215366167
0.2478181327,0.3727144106,-0.2755453879,-0.8938342969,-0.1325648373,-0.9709261276,0.3955083229,-0.4759530661,1.5935896807,0.3497696030
0.2264648467,-0.2172405984,0.3997841004,-0.0147623418,-0.6548372032,-0.8440573798,-0.3269055420,-0.1885208069,-0.0678845548,-0.4507939102
-0.0071500915,0.9119338627,-0.8560848944,-0.3416738950,1.2484824444,0.5444178285,1.1034144850,-0.8152661405,0.0986827025,0.6279219185
-0.1833922133,-0.6704444157,0.9358000662,0.1025179860,-0.5776499460,-1.1851960055,0.1750771470,-0.5147819241,-0.1825854458,-0.0325984426
-0.0069997310,0.6503136225,-0.6820899711,-0.8258281953,-0.1293776426,1.4390955407,1.0202605944,0.0985135601,0.1050210067,1.3933250220
-0.0692560367,-1.5109850431,1.7319475479,1.1314738616,-0.6948830102,-0.7634717293,-0.1310107280,0.1328969055,-2.1641238267,0.3866883063
0.2531560525,0.8214574885,-0.9750171897,-0.2125318986,0.7795358724,-0.3323796523,0.1586932934,-0.3312265004,0.3444195450,-0.3787628897
0.2359465864,-0.7147572866,0.5353892004,0.3590539387,-0.2250539001,-1.1883273724,-0.3986189645,-1.4217059787,0.2486260935,-0.0659593675
0.2542635326,0.9170299480,-1.0933473949,-0.3164730103,0.5621499440,0.7013939436,-0.1573178777,-1.0362561001,0.8108435865,0.9748777061
0.2532149972,0.6382997487,-0.6431443773,-0.6955031297,0.7355880477,0.1823606167,-1.4003858068,0.2157283245,0.6012862965,0.7457072516
-0.0109064304,0.9555654428,-0.7655749414,0.0743692889,-0.8192693417,-0.0277767406,0.2460574257,-0.2297815508,0.5117534678,-1.1565413299
-0.0093517929,0.6163752772,-0.3691894288,-0.0913238143,0.1003279163,-0.1666203229,-0.0536466193,-0.2307712398,0.4765443939,-0.5157597620
0.0921310770,0.5144877159,-0.3349675800,0.1357572757,-0.2263025257,-0.6149101816,-0.2973419111,-0.6802204359,-0.2764241383,-0.8450539104
0.0502699194,-0.6662862224,0.8439369082,0.0951146978,-0.6373518607,-0.3902578397,-0.1276458265,0.2863844000,-1.1731153121,-0.5229975949
0.0923453798,-0.0177986083,0.0155352900,-0.0952065292,0.1589140643,-0.7958322609,-1.3585023344,-0.7809091507,-0.4593701068,-0.5336647670
0.1055868966,-0.1281954192,0.0663139550,-0.6320901098,1.2830411802,-1.2390226299,-0.0266055861,-0.1802691406,1.2885515363,-4.2373392274
0.0711473902,-0.3769690802,0.6055242184,0.4449109219,-0.5052750952,-0.8806962035,-0.0811532148,-0.4786511049,0.0398639820,-2.9148504921
0.2469227414,0.9290299196,-0.8027833864,-0.8376388632,-0.6930197917,-0.4055479885,1.0061342331,0.2562022593,1.0636133181,-0.1576098231
0.2413832799,0.6215866379,-0.4242880703,-0.4644146108,-1.0921111876,-0.4144688211,-1.5219688273,-0.6976118204,1.1807282381,-0.2682688284
0.2484782067,0.8253138671,-0.7683421259,-0.5568679642,-1.3528195276,-0.1775976230,-0.5821911994,-0.4018330851,0.8174597469,-0.4835349186
0.2460915782,0.7678416223,-0.7281123330,0.2564065190,-0.8082579751,0.0768223935,-0.1725895174,-0.3609870851,0.1772495674,-0.5356770436
-0.1626225682,-1.2938734499,1.4331314510,1.1632664645,0.0672455641,-0.7132316845,-0.2180971067,1.0189807955,-2.3419727472,-0.1139646282
-1.3631085384,-1.9930588131,2.3192256653,1.6650232133,-0.7065392606,-0.8534781458,-0.2924519449,1.2456583045,-2.0627028952,0.1664768562
0.2017148120,-1.2100219277,1.2060495626,-0.0303648483,-1.0223579452,-1.0225823166,0.5826501938,-0.2577435308,0.6798534184,-0.5349867061
0.2502535249,0.8299652305,-0.8984509935,-0.8229124257,-0.3418939212,0.7043087252,-0.5541467083,0.4265460030,0.5944081170,0.1848015993
0.2524301434,1.0112244311,-0.9390896920,-0.2775423950,-0.5663018587,-0.8308062068,0.3535710096,-0.6657792289,0.4188234527,-1.0393075525
0.2456492792,0.3628140825,-0.3290247688,-0.6905707594,-1.2248423370,0.0454711352,1.7094924751,-0.4779194977,-0.0255854180,-0.5335802079
0.0993390934,0.4600273266,-0.4975259455,-0.6089178560,0.3557474644,-0.3319776434,0.5198303091,-0.7858274209,1.0560187580,-0.3530388120
0.2189569881,-0.7079603424,0.8744509071,0.1914801101,-0.6011549279,-0.3429283694,-0.0627775775,-0.8779369525,-0.2856345892,-0.0752932709
0.2544445552,0.5607178440,-0.9471632911,-1.0022980646,1.9395081132,0.2554333529,-1.1986312389,-0.7314908956,0.4745463891,0.6517255384
0.2544497540,1.0993520050,-1.2553893173,-0.2061519935,0.9977955679,1.3082378111,1.6499645342,-0.1094191826,0.0325472957,1.0752201089
0.2543038311,1.3596531406,-1.4394304749,0.2703660628,0.5560524548,0.8247552667,0.7721394924,-0.3351575415,-0.3535348752,1.1733434882
0.2550371722,0.7714209410,-0.8913368429,-0.8978575233,1.5821818042,0.2855610573,0.9467023587,0.1490984812,0.7385212437,0.7062347157
0.2543168654,1.1410118529,-1.2588997803,-0.6730554041,0.2484339629,0.9918177755,3.0899580194,-0.2059726733,0.3802634945,0.7379890409
0.5570948639,0.1860757866,-0.0069059284,-0.0424398008,-0.6520380132,-0.0557883404,0.7922645373,-0.1194652348,0.1389454346,-1.4537191500
0.5570474337,0.5944378769,-0.3881672476,-0.7873292391,-1.4488343028,-0.5546420619,0.0159645915,0.6170946013,0.2066722403,-0.4530730139
-0.0027242481,1.2011845182,-1.2225405879,-0.1721586676,0.0432153387,0.2406433280,1.1475938426,-0.6142844619,0.7280637893,-0.0696135151
-0.0076170390,1.2148750566,-1.2373943237,-0.7317229636,-0.9816816062,0.9066033472,2.7948041636,0.9008473047,0.2644329863,1.5252870107
0.5293115739,-0.6814158411,0.7802723584,0.5760588296,-0.0221532908,-1.4276315692,-0.4707078667,-0.5361464056,0.0076900944,-3.6462219443
0.2872924380,-0.8374496169,1.1201173702,0.5384250552,-1.9558867788,-0.7593627938,0.2242719378,-0.5116654029,-1.3434115052,-1.9536077151
0.5963455198,0.4961935757,-0.6610234383,0.0821996113,0.1585015344,0.3681263188,-0.0946375484,1.3487292058,-0.0191914118,0.5773485786
-0.0475728303,-0.4240425274,0.4745378873,-0.0947855026,0.2925451861,-0.3828073735,-0.2769338192,-1.3062002202,-0.3021742310,0.3687105834
-0.0181923883,0.4899514247,-0.4213934876,-0.1047820460,0.3478770341,-0.1182475296,1.4155145406,-0.6515769861,-0.0334254006,0.6612788341
-0.3923925484,-0.9202646308,1.2463557243,-0.0808039987,-0.4925120234,-0.7028400753,-1.4606700265,1.1879058117,0.2823184313,0.5924187743
0.2343957741,-0.1146966502,0.2994805716,0.2145608447,-1.0378209769,-0.0099371892,1.4281158449,-0.8045307986,-0.4250184236,-0.6655694987
0.2504654351,0.7135457499,-0.6035598193,-0.3389074844,0.6317717173,-0.1892371230,-1.1839120232,-0.1820312908,0.3548516920,-0.2692012344
0.2488300349,0.9063696885,-0.8363415129,-0.7251201541,0.2191427561,0.4938219045,2.6578002126,-0.5452761316,-0.2445633035,-0.4139961507
0.2527096523,0.9096619603,-0.6695198968,-0.4484332655,-0.6391448863,0.2550904295,-0.5850922054,-0.3596890184,0.6674419646,-0.7235219439
0.2528100720,1.0793163792,-1.1081197762,-0.0054640138,0.4722631151,0.3922620501,0.3211057075,-0.4624402428,-0.0375591288,-0.4881235740
0.2524593277,0.7881939239,-0.9053437890,-0.5852724003,0.1405263896,1.2921217303,0.0137719057,0.2187411502,0.1065876370,1.0557627311
0.2397852991,0.0056986063,0.1110709879,-0.5937187978,-0.7935377794,-0.8498184292,-0.3770451377,-0.3857031628,0.9534402637,-0.3546644552
-0.0028596345,0.7926742224,-1.0018339616,0.1013761010,0.4317695770,-0.2804517830,1.3784834003,0.2113945408,0.1612975672,-0.0906995228
-0.0058463289,0.7627664118,-0.7502447747,0.5717821333,1.0527169791,0.3043327324,0.5590783654,-0.0482130359,-0.1227446211,0.2428969167
-0.0051753700,0.5795131877,-0.3096234075,-0.0853698464,-0.3086270500,0.1460271407,0.3195043366,-0.3963939806,0.2629044390,-0.8954824340
-0.0057268534,1.0391096252,-0.9265692983,-0.4384273178,0.9513970144,0.0629190857,-0.5823711321,0.0657968148,1.0007705149,-0.4863199404
-0.0036427803,0.7817662093,-0.8239611568,-0.4685287428,1.8951149179,0.3498803001,-1.1308816974,0.4110377943,0.0875689551,1.5312000431
0.4199726367,-1.6126225186,1.5378315570,0.4073112559,-0.1490536521,-1.5005830533,-0.4117439636,1.6027418918,-0.1468745108,-1.0703635880
0.2542395457,0.6714033389,-0.4599137527,-0.0070555960,0.9942979405,-0.1992715826,1.2321615528,-0.5781405547,0.2126051670,-0.2869131031
0.2415057083,0.6378074443,-0.4047770560,-0.3546494593,-1.2660421317,0.0568977052,-0.2454725478,-0.3052496101,0.1683092969,-1.3838926830
-0.3889857359,-2.7436849054,2.2899489327,0.9768809596,-0.6096474610,-1.3991396081,-0.5376274825,1.4014095132,-0.5189990050,-2.2055873316
0.2550441119,0.8915082997,-0.8234104088,-0.6967049123,1.6305819786,2.1471224618,-0.1539946072,-0.7611618209,0.3109477215,0.9732655112
0.2542728494,0.9340620256,-0.6660651024,-0.3386042974,0.4947249456,0.6555781190,-0.4386532287,0.0287411958,0.3877726913,0.5452522159
0.2545551794,0.5395274249,-0.4971301422,-0.4363524401,0.8164465626,0.2152742226,-0.5541236629,-0.7281945989,1.0539670179,0.8184281407
0.2414454174,-0.4356182083,0.4627085670,-0.6438763325,-0.0155398811,-0.5111960305,-1.0489535540,-0.8438923336,-0.4999719022,-0.3325294153
0.2444690463,0.2759435317,-0.0302948097,-0.1510474142,-0.2460271888,-0.6354116478,0.1489324483,-0.3110963084,-0.5385076654,0.5843933514
0.2360041328,-0.6447550535,0.6780655842,-0.5428413222,-0.3562277043,-0.9344426677,0.0392459187,-0.0402685571,-0.2365640441,0.1621276405
0.2542627588,1.2519142690,-1.4099541392,-0.8285441182,0.5990202545,0.8952265016,-0.0649760773,-0.8249849053,0.8623834587,1.5145704106
0.2547390274,0.1057719273,-0.1704674997,-0.5267367953,1.6693957999,1.3936530561,-1.1203440863,0.4315645505,0.3092383315,-0.2638724542
0.2577661144,0.3693273768,-0.4376495533,-0.3622651880,1.3327349328,1.6045258405,0.2464611673,-0.5496112830,1.0591472990,0.2680314603
0.2557924045,-0.1799622960,0.2241191786,-1.0025240257,0.9141231951,-0.5616439621,-0.2426967712,-0.9460474035,1.5835493084,0.1387035671
0.2451733611,-0.1223315691,0.1554330977,-0.6319235380,-0.1221526941,-0.2462318465,-0.5166743065,-0.6186057570,0.5328199325,0.3893967674
0.2483120467,0.9746859246,-0.6732786919,0.2807988168,-0.3898827831,-0.0556073940,1.5548010981,0.1870962688,-0.3288477405,-0.2408081822
0.2537003901,0.9152712489,-1.0389312203,0.1442050097,0.0755558400,-0.0627176416,1.8270601507,-0.6357346163,0.0539701874,-0.0142460372
0.2540376202,0.9700441796,-1.0339545869,-0.4272852205,0.5281375935,-0.0812603810,0.4081160291,-0.0376666570,0.4620367300,0.6526578535
0.2507138015,1.3922724274,-1.4790009330,-0.2727550445,-0.8994848150,-0.3443245189,-0.7276694665,-0.1538270942,0.7291854796,-1.1605025417
-4.7302723797,-1.3040534093,1.7219395791,5.1133446988,-0.4065645548,0.3670768411,0.2637325290,3.0976689076,-3.7089268838,-0.8782438854
-0.0058624260,1.3861574810,-1.5341899703,-0.4385037691,0.7167946574,0.7919253440,-0.2467068650,0.6420826240,0.5504946354,0.4070821839
0.2564785236,0.6603357146,-0.7550435603,-1.2133672877,1.2266175278,0.7844650451,-0.1391346552,-0.7918631945,1.1979484657,0.8194023461
0.2518921591,-0.0327063955,0.0175932291,-0.2565265713,0.5554152659,-0.7385049926,1.6062517923,-0.7674156666,0.5376053883,1.2542858742
-0.0344475466,0.1412132751,0.0234634467,-0.0363288570,-0.2846250715,-0.3868252019,0.2834922604,-0.2194344883,-0.4434770759,-0.7260063315
-0.3255842588,-0.9080853935,1.2788952269,-0.1084135432,-0.8479843667,-0.4152879353,1.9485719490,-1.0239372454,-0.7194108383,0.2531392834
-0.5521724483,-0.8345766398,1.1046173405,-0.0483982581,-0.2296955100,-0.5511441243,-0.5216943746,1.6196227483,0.0277397549,0.6887915165
-0.2003888703,-0.9149378579,1.0466294049,0.0818918672,-0.6483818760,-0.8380720811,-0.4277736248,-0.5345068305,0.3187698667,-0.4157457135
-0.0066404454,1.2553229536,-1.4938301366,-1.1531055617,0.8802496189,1.2864522743,0.4073727206,-0.0002613234,1.5894703256,1.8809816475
0.0628362410,-0.4149316636,0.7271581962,-0.6383093622,-0.0303891549,0.2111415880,0.3158914433,0.8022796255,-0.9079538930,0.4295360325
-0.7292897353,-2.3048244430,2.3457059934,1.5005450277,-0.3195069383,-0.9120015715,-0.2939644062,1.4303650846,-1.5182438352,-0.1757880344
-1.6580073176,-2.0050181057,2.0832586390,2.7439732456,-0.0503605965,-0.8213840193,-0.3297196127,4.6387476780,-3.0501692146,-0.6160960053
-0.6685778174,-1.2140846188,1.5605169043,1.5397475661,-0.6732030135,0.0923980074,0.4180716314,1.4141827959,-1.7728920775,0.2700713278
0.1008540830,0.0147482420,-0.2056544914,-0.1369112727,0.7708808198,-0.2642760274,0.5356420669,-0.4273273926,-0.1540733996,0.9898452968
-2.9457434945,-2.7008782108,2.7197066601,4.6581001930,-0.4853557004,-1.3638298659,-0.9253549072,3.4040949025,-2.8875047462,-0.0345986415
-9.8353294934,-1.5016080709,2.3834960147,3.7002782485,-1.9298976030,-0.0202741861,-2.2562172425,3.1204841019,-2.7320514766,0.4915257347
-3.5842456502,-2.7591195544,1.4345560386,6.4640052036,0.1724011267,2.6463215632,-0.0589461017,4.7075413982,-4.3041149447,-3.1786114025
-0.1125790210,-1.7992298865,2.2361163897,2.5514482629,0.8995584738,-1.5109893627,-0.3835518189,2.7861858533,-1.6627711763,0.3033112054
-3.1257527757,-1.5703885989,2.0445952698,0.7038877977,-0.7834273224,-0.0194511233,-0.2413166910,3.9335904881,-1.8410982198,-0.3722557264
-0.0577857218,-1.0381909372,1.2550527063,1.6766370067,-0.3266972616,-0.2431040628,-0.4606076617,0.5082299024,-1.6970511625,0.3294017784
0.0633329098,-0.8102060821,0.9832486921,0.9513681484,-0.4422999332,-0.4651944351,-0.6389601646,-0.4290429155,-1.0303125302,-0.1714027867
0.2320461985,0.3876746323,-0.1032304368,0.0260185605,-2.2148850885,-0.3459097667,-0.4580935322,-0.3334803794,0.4712786358,-2.3341661364
0.5893480971,0.9840725516,-0.8905630338,-0.0428935076,0.0013232494,0.3597290363,0.9183833641,-0.2441607144,0.8872452693,0.7743754772
0.5950849876,-1.0375849597,-0.0401555034,0.2840703849,-0.6354553913,-0.6834388657,-1.0402330502,-1.2900940702,0.3553320208,0.2972655117
-0.0445072486,-2.0221109611,1.9780541735,0.3907153023,-0.2634827818,-0.9340348750,-0.2840353231,0.8717043379,-1.8292493842,-0.5574793920
0.2025044869,-2.0821716393,1.9197850496,0.3167674667,0.0782007288,-1.2229307057,-0.3875265694,0.4043476198,0.0742340300,-0.9470982458
-2.7241569741,-1.6885492602,2.0421652251,1.3171944054,-1.5013330916,-0.1905754373,-2.0234362186,0.4953563474,-2.3736616198,-0.0799505264
0.0074057755,-1.9637901689,1.9536146518,0.4144262042,0.0425801621,-0.4102194809,-0.4778712006,1.0029175749,-0.5770984888,-0.6702593837
-0.6528867467,-2.5848378537,2.4451106752,1.9697402931,-0.7310049808,-1.2419623581,-0.2430030335,0.7236545431,-1.6473887532,-0.4297373496
-1.6966925848,-1.1544885429,1.6776042240,1.1022269070,-1.2230758005,0.9966040376,-0.6228614871,0.8776634264,-2.0773962520,0.3491599744
0.0796859515,-0.6103750921,0.6627725922,-0.1175708594,-0.7043599778,-1.1282808746,0.3041602893,-0.4141892830,1.0398488613,-1.1385630870
-1.9209041242,-1.3046649350,1.5761603662,3.0065580099,-0.2703925085,-0.4362466664,-0.7385906627,2.9174364668,-2.6060592983,-0.1511327985
-0.6627929352,-2.3677523581,2.2282730721,0.8068486386,-0.0861617182,-0.9347569774,-0.8070310297,0.4161797243,-1.0946245431,-0.6731119341
-3.2432665454,-1.4785095370,1.7822306096,2.0673275279,-0.1457187520,0.6562028798,-0.0864520343,4.0005049078,-2.8037407049,-0.9975642515
0.2468952223,0.7018666081,-0.5946077216,-0.1326867075,-0.7279832405,-1.0723066609,0.4105541006,-0.4730753859,0.2688281948,-2.1777840126
-1.6584867841,-1.8848251606,1.9943085372,1.3337643043,-0.3021482470,-0.4707399955,-1.5848956929,3.4594678140,-2.6816765215,-0.5430157108
0.1017555645,1.1075950141,-1.1074548586,0.2399496771,-0.4587737638,0.2400939305,2.1134576429,0.1894968551,-0.1670319163,0.6083011424
0.0899827295,0.2847927388,-0.0902848665,0.4367134347,-0.1549678620,0.6446640876,-0.3702521969,-0.5663765273,0.1152577946,-0.9802777246
-0.5071221370,-3.2221298345,2.4671055494,0.5808150223,-2.0760842477,-1.4501105910,-0.8691412950,0.8067006194,-0.3350677676,-1.6997006199
-0.0566177392,-3.6726575589,2.7215485682,0.8271408617,0.5352817867,-1.6888646005,-0.8653031123,0.8266928500,-0.6253742480,-1.4517021213
