0.216155195,0.680349497,-0.887700967,-1.140620426,2.220441475,0.926692956,-1.409309831,0.294916375,1.419423913,1.083221964
1,0.0996638319,0.7697571610,-0.9550079559,-1.0877238599,2.2409580910,0.9538771561,-1.3654338277,0.4442875748,1.3791540062,1.1060367528
2,0.0990454999,0.5365651710,-0.3887522949,0.2238677221,1.6848821670,1.7400496431,-1.0806710607,0.3765592698,-1.2381845618,0.5613942118
3,0.0939311279,0.7048070810,-0.7718320189,-0.9401051839,0.7310125790,0.7115884461,1.0559862853,0.7040691988,-0.1460563068,0.9880518618
4,0.0889573249,0.9214902340,-0.7312239899,0.6981722171,0.2382243070,0.3643161581,-0.7045734907,0.0248590858,-0.9024845958,0.4278727508
5,0.0954202659,-3.2643119470,1.0769241811,-1.7846213199,1.8263584660,6.5987575211,-0.7698124157,0.4936491208,1.5228598192,-0.7450172952
6,0.0962719879,0.9874003210,-1.0892899159,-0.9686367419,1.2527834060,0.5696097161,-0.1467032767,0.3081352768,0.7217110302,0.2198899848
7,0.1771221621,-1.5315318550,1.5707089979,0.0892079859,-0.0116769660,-1.1137764431,-0.0136708793,0.4172362022,0.3024580728,0.0608800102
8,0.0950654359,0.8549163850,-0.9887834499,-1.1228496209,0.6318386630,1.6118693511,0.0951938373,-0.1648382322,0.9512743392,1.4471108488
9,-1.0472841221,-1.4645994800,1.7582887521,1.7284096911,-0.3255672560,0.1981261271,-1.1855884667,2.4843187418,-2.1567836148,-0.1641333082
10,0.0944466489,0.6767740060,-0.7719008979,0.6117952741,0.9243755190,0.1322451701,0.8138450163,0.3100434788,-0.7132111408,0.6446093508
11,0.0887820569,0.1235815880,-0.0337358309,-0.2211031299,0.3666043070,-0.5285871739,-1.0364933207,-0.2240080012,0.8136323642,0.4794095078
12,0.0944372109,0.9244770880,-0.8244939749,0.1774540061,0.1925073860,-0.5081814919,1.4107697863,-0.3245815322,0.7646286552,0.1941226988
13,0.0856141179,0.6630796620,-0.5727993609,-0.0900778449,-0.6470559930,-0.2853414769,-0.0372876217,-0.1236385252,0.2031456102,-1.0896254542
14,0.0880599849,1.0050440420,-0.8257377329,-0.2907391919,-0.4947534960,-0.2202485699,-0.0084310647,-0.5729166172,1.0919506102,-0.4797381292
15,0.0945714569,1.0006708380,-0.9072295479,0.2193479491,-0.3754416890,0.7990554671,-0.0599690967,0.1614539828,-0.1160229478,-0.0607233362
16,-0.0022007521,-1.1774600070,1.3261445991,-0.2778419609,-0.8911170750,-0.8992512719,-0.7700759007,-0.0983497482,0.5837686612,-0.5333713932
17,0.0973789639,1.0766413370,-0.9582764289,-0.4689994099,1.2495140230,0.4971531701,-1.2456883257,-0.5481525032,0.4878206172,0.9682420858
18,0.3284014931,0.3254926800,-0.4147782331,-0.2050051821,0.8625039760,0.3802284289,-0.9046571763,-0.1225317768,-0.0431999902,0.7258100102
19,0.3283941861,0.8116013800,-0.6160154201,-0.4539999901,0.6568460280,0.1180878359,-0.4010339033,0.1811510412,0.7667232318,0.2099909292
20,0.3293233771,0.4186413770,-0.7964975651,-0.3860846321,1.1012264040,0.8654479829,-1.0332740743,0.0985311802,0.0406268718,0.9559864732
21,0.3297561601,0.1269803300,-0.4478526021,-1.0826365711,3.6991896610,1.6503939579,-0.4036196013,0.3663323882,0.8635463088,1.7735601732
22,0.3254554191,0.8986343260,-0.8309107091,-0.1379781071,0.0726226360,1.0945237119,-0.6568564603,-0.4747595308,-0.4319442582,0.9730774732
23,0.3282924011,0.9880452260,-1.0834984031,-0.6707511731,1.3330459030,0.8818083759,-0.6125639723,-0.2018638158,0.6604226648,0.3676779092
24,0.0953798879,0.4402842570,-0.5667559379,0.0678061411,2.5992626920,1.5460701211,-0.9639388257,-0.0432586502,0.1164567242,0.7051619158
25,0.0882257919,0.4805564160,-0.6549669739,0.7805480911,0.2249618160,-0.6171716189,-0.2834919137,-0.6463484862,-0.4503802678,-0.0602520172
26,0.0918214779,0.1596031520,-0.0530727939,0.2395841221,0.4304512620,-0.1066514389,0.5596594333,-0.3137128612,-0.5400256358,1.2762240828
27,0.0550334849,-0.0099786780,0.2898301511,0.2707383291,-0.5415669820,-0.5522762389,0.1382418643,-0.1173427772,-0.5563645638,0.0253111438
28,0.0969326109,-0.3075236960,0.1913134151,-0.2573544959,0.7440255860,-0.2060803419,-0.5942427637,-0.1237495922,0.1494244462,-0.4414104332
29,0.0689817329,-0.0397118760,0.3057456011,0.9430986611,-0.0984087530,-0.3481732709,0.4917267823,-0.4895313002,-1.1884047778,0.2292351178
30,0.0840157499,0.0943868490,0.1182532651,0.1732470251,0.0607372600,-0.7140934089,-0.9383551047,-0.8231551482,0.2092296142,-0.0415948872
31,0.0826970999,0.8970368610,-0.7089193799,0.1918138951,-2.0344700030,-0.6117117749,-0.8251110497,-0.2283023082,0.4710210792,-1.6757997902
32,0.0610528209,-0.1155977470,0.3761883551,0.4302427791,-0.9484736330,-0.6878133649,0.2566037393,-0.5510216122,-0.4327741728,-1.5930921902
33,0.0896454759,0.2128889570,-0.2074670249,-0.6318577149,0.1478845280,0.2818621741,1.0987109283,-0.4218454302,0.5198763732,0.6130087178
34,0.0951042959,0.6648382030,-0.7410188039,-0.5196337169,0.0596045910,0.6898145071,2.0269503393,-0.5852079492,0.0836577502,0.9960565578
35,0.0978136789,0.8678481930,-0.6094367709,-1.3042396929,1.4992880380,2.1645827921,0.4632652673,-0.7870956512,1.5730730012,1.3035649118
36,0.0587686139,-0.0923157060,0.4396006891,-0.1045906529,-0.7458699050,-0.4097284519,-0.3489662267,-0.7275750322,0.0810933192,-0.3307326842
37,0.0835633679,-0.0024940260,0.0021552811,-0.7495060169,-0.4777943900,-0.4846582669,0.0379343383,-0.0834507452,2.9647096532,0.0824553938
38,0.0271721519,-0.7886331370,0.9439498951,0.4890886121,-1.1226796110,-0.2940390669,-0.5179829427,0.9784809318,-0.1748523868,0.0323801128
39,0.0949742619,0.6600227010,-0.7593206519,-0.5081939449,0.7160616270,0.7379965781,-1.6889537527,-0.9877355702,0.4111863212,1.0437241778
40,0.0924573069,0.7004084510,-0.6601659699,0.1443421361,0.5339075790,0.5562210091,0.1039988753,0.5976082808,0.1069011622,0.5697097218
41,0.0906757499,0.0203611420,0.0820822781,-0.6830582979,0.6686343940,0.3297617871,0.3254830763,0.7537776948,0.1431846842,0.9739150468
42,0.0802961559,0.2087962420,0.0013915481,-0.1913683299,-0.6604535230,0.5489588831,-0.5518848237,-0.2049410872,-0.0765338338,0.3375568508
43,0.0227175649,-0.3745010940,0.7009917281,-0.3860384419,-0.3782613650,-0.0049114599,-0.0750048017,-0.3802260162,-0.4275370988,0.0633131408
44,-0.3902174021,-2.0578833860,2.2493289361,1.7551083931,-1.3757016010,-1.0821190439,-0.4137238157,1.9424819628,-1.8547106168,-0.1525941672
45,-0.1219998801,-1.4390652590,2.0839936401,4.4354238311,0.8467063330,-0.8109943839,0.4181177513,2.8218952988,-2.7177164328,0.7400784908
46,0.0987447209,-0.1228774610,-0.2274291729,-0.8876858449,3.3850870210,2.3274358581,-1.0341277707,-0.9916689352,0.6365011052,1.0245241298
47,-0.0786296071,-1.1447723360,1.3315660421,-0.0433040289,0.2714308110,-0.2877928209,0.2652373103,0.9152132718,-0.2789780238,0.2325356948
48,0.0920411189,0.5229423490,-0.5488353199,-0.3013927349,-0.0264797190,-0.3177077469,-0.0741504507,0.1991466758,0.6638274352,0.0767282038
49,0.0958199759,0.8235726420,-0.7820467089,-0.3207582579,0.3036729500,0.4256123301,1.8468011193,-0.1512322552,-0.0225696708,0.2696001428
50,0.0344700039,-0.6747516320,0.8320364041,0.2433205041,-0.3596918810,-1.4738871409,0.4835218273,0.1617557798,-0.8163704738,0.5599001618
51,0.0929364299,0.1846179930,0.0792413211,0.3555392621,0.1482360520,-0.6718329849,-0.5521544537,-0.2732210182,0.5441898452,-2.5605251672
52,0.0412652119,-0.0962572820,0.4119681931,-0.1052247719,-1.7151054600,-0.5904972719,0.4336067673,-0.1012064262,0.3190997622,-1.2748430972
53,0.0026530749,-1.0559958610,1.0655637681,0.0924398821,-0.5814497320,-1.3817828609,-0.8017768157,-0.0454504862,-0.1905066818,-0.5021725652
54,0.0397893319,-0.5964021780,0.7231525311,0.1485110621,-0.9089361220,0.0152523351,0.3971239593,0.2353753368,-0.3198046488,-0.3966025022
55,0.0692470639,0.3369350130,0.0565857721,0.4095881981,-1.4820812620,-0.7607324069,-0.0561581637,-0.2761619632,-0.1230592898,-2.3750880022
56,-0.2150206559,-1.2920772190,1.5878643419,1.6601761899,-0.3464225990,-0.4049990191,-0.1413718323,0.7625493852,-2.2100759982,0.1259328972
57,0.3243994671,0.8098527430,-0.7617682141,-0.3329709361,-0.2008230210,-0.3119709801,-0.7662856463,-0.0829424918,0.7966807288,-0.6899985678
58,0.3281152561,-0.1245243680,-0.3711822561,-0.7412426041,1.1545328500,-0.3119709801,-2.0810399003,-0.9568261498,0.7015876368,1.1078308122
59,0.3306548181,0.1320320310,-0.3948166931,-1.1193703691,1.0065343140,0.1243398709,-0.9550122253,-1.2783035118,1.2306395168,0.9317362552
60,0.0943129209,0.7066998040,-0.6888351639,-0.3481735029,0.4845221840,1.0443510771,1.2047780493,-0.9964856762,0.3546707602,1.6010369898
61,0.0958105619,0.9860260550,-1.1254347569,-0.9259191719,1.1255143870,2.3041915661,0.4436808953,0.7105239198,0.8027709622,1.2846569868
62,0.0906541789,-0.1921018720,0.1571138111,-0.7615564249,0.5331359200,0.1303256391,-1.7377232577,0.7476102018,-1.0105387508,0.9359203208
63,0.0917548309,0.6405004640,-0.7052094349,-0.4441870489,0.8401144360,0.4710041541,-1.1083196697,-0.5755444092,0.4497182582,0.1401469478
64,0.0961058749,0.6830954410,-0.7848112259,-0.7792558149,1.1611700800,0.7235798891,1.5495383123,-0.1489513042,0.2423731322,0.6311495138
65,0.0824883029,0.0347100510,0.1198499361,0.1220941281,-0.1501538850,-0.7126176209,-0.4919952837,-0.5842709542,0.1498035052,-1.2909411952
66,0.0002444739,-0.5897305990,0.9124837871,-0.0154883319,-1.1221435420,-0.7309189619,-0.2479425187,0.1076376858,0.3300859322,0.2779532148
67,0.0737854959,-0.7046152800,0.8066854701,0.7080941151,0.1719481950,-1.4504213009,-0.6799289947,-0.6021803472,-0.1115431848,-1.4873369212
68,0.0880064209,0.5073267130,-0.4310099659,0.3814747371,-0.2954788550,-0.7034022439,-1.3954273337,0.2520355288,0.3303790242,-0.4630884182
69,0.0466472359,-0.7380751350,0.8934940161,0.7618951531,-0.4187236250,-0.9706922769,0.0387247993,-0.3703717552,-0.4678904618,-1.4946986942
70,0.0940519499,-0.3488948400,-0.3469984349,-1.1827901519,-0.8558172200,-1.3511954849,-1.6066971617,-0.8534806782,0.5916285822,0.2313790828
71,0.0955669039,1.2706999410,-1.4046677829,-0.1176837869,0.1135618710,-0.1124946999,3.3856473103,-0.1544777502,0.3288962842,0.8994243138
72,0.0953958829,-0.0463115400,-0.6986005479,-2.0189432039,2.0842713520,5.8559189691,0.0580157633,-1.4398330522,2.6122351102,1.4706414168
73,0.0958089849,-0.9790976180,-0.1158239799,0.1406867941,2.4476259200,2.9123715621,-1.2997244677,-1.6281580972,-0.9841331748,0.8730266448
74,0.0961844269,0.7714279290,-0.8962030869,-1.0150782319,2.7380972680,2.0066646551,2.4407399643,0.1391522248,-0.2610468708,0.4672834368
75,0.0818756149,1.1079101190,-0.9855046609,-0.0279086809,-1.6573770730,0.1675764901,2.0223403983,-0.5485622442,0.6412793962,-0.6812102282
76,0.0835813779,0.0000399200,-0.0372050619,-0.6262474459,-0.2073909440,-0.1846711279,0.1602071183,-0.1239441852,1.0761687862,0.3832690768
77,-0.0195119131,-0.8470786540,1.1149382821,0.2956665531,-1.7093477270,-0.7305828449,-0.4649965597,0.1761277008,-1.4286134478,-0.2445695312
78,0.0920558249,-0.1398152340,-0.2215087079,-0.5617203569,-0.5113641730,-0.3127578059,0.2719680863,-0.3939246642,0.1445269492,0.2582233308
79,0.0268516509,-0.7302371550,0.7797039211,0.6334387661,0.3846128030,-0.2431278139,-0.3306836797,0.6098557148,-0.0622440478,0.5315850418
80,0.0874288109,-0.2897096390,0.3961469721,-1.0898810359,-0.2648854640,-0.5128472499,0.0310050253,0.1343022108,-0.4228255018,0.0590166768
81,0.0947810619,0.2156338540,-0.6358425399,-0.1777235579,-0.5317638670,-0.5747797039,-1.3387231257,-0.1461180142,0.8967181322,0.6286364988
82,0.0939536589,-1.9447011080,0.4513711691,-0.8001675529,0.1666475370,-0.2906680749,-0.8860578147,-0.2354047202,0.9208760572,0.4862736578
83,0.0889772059,-0.0026236300,-0.3184356739,-0.1038065939,-4.8491144830,-1.3929616499,-1.6224320327,-0.7225558632,0.3489294762,-1.0972713572
84,0.0939901809,-0.9705942670,0.0841029431,-0.6226731549,-0.1948616450,-0.8249707029,-1.0462054727,-0.4262752132,0.5362694712,0.6481471598
85,0.0952153339,-0.4551047720,-0.2612675929,-0.6426902349,0.1465743410,0.1116471481,-1.2222708057,-1.1905001662,0.0507982822,1.5903962148
86,0.0893002899,1.0164098300,-0.9047930219,-0.0726470279,-0.6595007900,-0.7498050969,-0.0368788287,0.2467923928,0.3161521532,-0.5001814522
87,0.0764836109,0.2622239120,-0.0744173629,-0.1069328709,-0.8055591600,-1.1614458929,-0.9330777277,-0.0178923862,0.4676518312,-1.1125920902
88,0.0938562959,-0.4230279470,-0.2570417549,-0.6641964249,-0.7005744600,-0.8318915999,-1.1385595007,-0.8063126752,0.6121442052,0.2508368968
89,0.0726712089,0.5217601710,-0.2220972639,0.2594735741,-0.9187895400,0.3918165401,1.6491325453,-0.2823217382,-0.7092588078,-0.0221166392
90,0.0891574949,0.5038664760,-0.4528055049,0.5142300441,-1.7580293150,-1.1163152499,-0.8343408687,0.0227598928,0.3865153572,-0.7852022222
91,0.0953571509,-0.4014535360,-0.1557683939,-0.4273985249,0.2054731240,-0.8929048679,0.3385624573,-0.6509546462,-0.0422609928,-0.5785907042
92,0.0426101459,-0.1715564560,0.4747559281,0.2168157571,-1.3951603230,-0.2630011129,0.1818957753,-0.4641882262,-0.0887780858,-0.4865329442
93,0.0631531419,-0.6399314040,0.7722257211,0.1425793571,-0.0852806170,-1.1702582529,0.1771135553,-0.6667769142,-0.0421802908,-0.8857796092
94,0.3152187051,0.7290706910,-0.5259909021,0.1869182019,-1.2037743980,0.1933550769,1.9396834417,-0.4121936788,-0.4852588972,-0.7055832178
95,0.3223862181,0.8675701290,-0.9888032691,-0.3974915201,-1.6697830370,0.1757173469,1.7932838857,-0.6318212558,0.3263721498,-0.3140016468
96,0.3269229521,0.9189710900,-0.7400047171,-0.1058792031,-0.6860825560,0.3522655049,0.7336472597,-0.4526622498,0.5131802988,0.2191307222
97,0.3280174351,0.3370850590,-0.7386357661,-1.0466555351,0.8283190680,0.0823742689,-1.1080651633,-0.8495775248,1.0800616538,0.5575719242
98,0.0928797679,1.2178933150,-1.1809178549,-0.3831499919,-0.2560954090,0.6682995931,-0.6591049507,-0.0212387392,0.4907189802,0.0042252578
99,0.0941413209,0.7548326170,-0.6533364089,0.4164663371,0.5432661470,0.7534190621,1.3667353793,-0.3166089332,-0.2315513428,0.8178486868
100,0.0951491569,0.8548061740,-0.6991909569,-0.1339411289,1.2082018780,1.2709097631,1.0649769823,-0.7714995802,0.4649842822,-1.4856530172
101,0.0957922849,0.7217124730,-0.9265520199,-0.3236766399,0.2296911750,-0.3478620359,-0.5978790937,-0.7452686542,0.6454306612,0.6088832558
102,0.0940354829,0.5357831430,-0.4411080869,-0.1631746919,1.0421703720,-0.2525876019,0.6045182443,-0.4833407342,0.5876474242,0.1026519088
103,0.0159672519,-1.2170924170,1.2018944051,0.1675918061,-0.6321713430,-1.4444546339,-0.6039964767,-0.1043843552,0.4867842232,-2.2258294992
104,0.3255591491,0.8603265100,-0.8169027391,-0.3462535841,0.3740668880,0.1997902289,2.5443184737,-0.9816385578,0.3852867058,0.6436679462
105,0.3254148861,0.0382732160,0.0353295769,-0.5600670681,-1.4969839660,1.5227172099,-0.0514777293,-0.7158908048,0.3144705328,-0.3627406788
106,0.1607790251,-1.2295907620,1.4242313629,0.2571414489,-0.0541143620,-0.9165496901,-1.5167944233,1.8003281602,-0.3856549662,0.1185616482
107,0.2857118961,-0.7550631430,0.8956515609,-0.2322827521,-0.1185483280,-0.7751753711,0.4883806807,-0.0464503888,-1.3491627542,0.4586520372
108,0.3249608721,0.8497061440,-0.7579893821,-0.1776342861,-0.7001237240,-0.3881454141,1.0959000987,0.3105384532,0.4512195178,-1.0641859578
109,0.3277957571,0.3401537120,-0.2663369571,0.2901426919,-0.8483282600,-1.0831622151,-0.0385691923,-0.3662573358,0.0529831558,-0.7104403898
110,0.3286089701,0.4119064880,-0.3958527911,-0.1482800481,0.3708788730,0.2348207529,0.2696124067,-0.3608272708,0.6611856648,0.4146978172
111,0.3276671131,0.3028485020,-0.5375612751,-0.8799482471,-0.4272005110,0.3277743629,0.4082973017,-0.2009726688,0.6340486738,0.3384651042
112,0.3198146571,0.8237000140,-0.8745666311,-0.7181272941,-0.9438202300,-0.3337237631,-1.5505130923,-0.6684684948,1.0263924088,0.0494376302
113,0.3284672501,0.6597612400,-0.5765958561,0.3496636569,0.2958964180,-1.0271746261,-0.7257976553,-0.0532127738,0.0694982618,-0.3779838838
114,0.1084240521,-2.0866807180,1.8883526119,0.8434284789,-0.5134280890,-1.3630035271,-1.0842973613,0.2737125082,-1.2842468082,-0.5910443448
115,-0.0690539739,-2.3619792730,2.1098120709,0.4433551379,-1.0753506910,-1.1887126181,-1.4605181793,0.0677601172,-0.0663308612,-1.3817307868
116,0.0894795009,0.3146015440,-0.2705016449,-0.8686743319,0.0946002230,-0.7881734479,-0.1528542847,0.0643812388,0.5234765202,-0.0404409392
117,0.0896912899,0.7678159640,-0.5434007389,-0.2046878409,-0.0401467590,0.7573452711,0.7568596333,-0.1795437882,0.4584999512,0.4691810948
118,0.3175834871,0.7110074660,-0.5737685281,-0.1704627691,-0.6694836810,0.4104824589,0.8395168167,-0.1944573768,-0.4714089622,-0.0448023988
119,0.3291323351,0.1928073030,-0.4098647691,-1.3312172391,1.1246798540,0.6192211769,0.2903578327,0.8287753302,1.4414813748,1.8063867132
120,-0.0370069061,-0.9789076910,1.3184699681,0.1314656121,-0.8379378970,-1.0619716469,1.2124089283,-0.4203620002,-1.3053517248,-0.2964608552
121,0.0784375869,0.0270950090,0.0928710931,-0.1182113469,-0.5461571390,-0.1174336629,1.6606151473,-0.1844171992,0.0179275642,-0.4269343562
122,0.3121294571,-0.3303335850,0.3819039059,-0.1460025361,0.0483661980,-0.7237093321,-0.2221500703,-0.5530890118,0.8128481478,-0.0155690208
123,0.3288436041,-0.2150410900,-0.3211441421,-0.3418404481,1.5179699420,2.6366081419,-0.8673732403,0.7937277612,0.9853573418,2.6104023552
124,0.3295649421,0.2893242200,-0.4979065531,-0.8497250861,1.3191213230,3.1254023439,1.8881847237,-0.1261853888,-0.1065625982,1.8206170632
125,0.3285025461,0.7774817140,-1.0237590521,-1.3869843261,1.2676132470,1.1950658959,0.5238722867,-0.1158190758,1.2162747598,1.5778943552
126,0.3284386671,1.0081531790,-1.0660200951,-0.7062925891,0.1287219410,0.3678157379,0.1972560227,0.0743689822,0.3395622448,-0.0054755108
127,0.0936747969,0.3481304840,-0.2882803369,-0.4064464949,0.9630407340,0.9977433051,-0.9557480307,-0.1512629552,0.2384231762,-0.3528597122
128,0.0841450219,0.6949484640,-0.4884072439,0.2773572051,-0.3196044220,-0.1392610899,2.4701116673,-0.8226034762,-0.1973303788,-0.6886097242
129,0.0906497139,0.4586781740,-0.4695917089,-0.2861073689,0.1328991240,0.2886358921,0.0985099413,-0.7197052692,-0.1985469838,-0.2585097022
130,0.3273072981,1.1222283830,-1.1743114391,-0.3190319051,0.2561884480,0.5897283599,1.3483576077,0.7239923192,-0.1727906682,1.1639689782
131,0.0915743479,1.2341039790,-1.1401751849,-0.2924017489,-0.2421036350,0.8457784401,-0.5633217817,-0.2580106592,0.6667196422,-0.2131703722
132,0.0957007309,1.2800647600,-1.2982781889,-0.0580576589,0.3873048660,0.7709804691,-0.3090918527,-0.0867935862,0.6232785352,-0.2791618702
133,0.0952082879,1.1802810710,-1.1758352119,0.0262079681,-0.2536019590,0.9480138641,0.0151500343,0.0482913948,1.0899071982,0.4089342948
134,0.0953735739,0.2509943310,-0.5722684919,-0.8592563279,2.4883238050,0.5239889241,0.0844839103,0.4689351338,0.5389635952,2.1536158738
135,0.3275859111,0.5013433640,-0.5972814761,-0.7136569921,0.9321443620,0.6379167429,0.3739037317,-0.5639740928,0.5169420208,1.6257959612
136,0.3281970891,0.9074240800,-0.9791883841,-0.3859835941,-0.4893939160,-0.2066950911,1.5127947917,-0.3431652338,-0.0426907302,1.0353208342
137,0.3281889971,0.9997013270,-1.0604477261,-0.1251710591,0.0977775550,0.4661644019,0.1370565047,0.0467440452,0.0765689478,0.4745411902
138,0.3273607381,0.4177375450,-0.5213447031,-0.8141507731,0.2248528070,0.4859136629,-0.3736202543,0.3497139362,0.3347241808,1.6359159552
139,0.0869494849,0.1975059840,-0.1697717779,-0.0244404389,-0.1578956270,0.1144386271,0.2881125773,-0.6081560182,0.3078252972,1.0208235308
140,-0.2082475651,-0.9998118770,1.5041849361,0.9103731381,-0.1562892710,-0.6707751019,-0.7467300927,0.5752405628,-1.4153907498,0.5198087688
141,0.0963023619,0.7807076100,-0.7342181229,0.4498921831,1.4003820270,-0.2592084429,-0.1919484827,0.0719971378,-0.5499035388,0.7468828628
142,0.0791056609,0.5301696200,-0.5040334369,-0.3228937299,-1.8000577050,-0.2183378299,-0.2094241297,0.0512315548,-0.7533922318,-0.4634280002
143,0.0766173749,-0.0292974110,0.2097400371,-0.2351412609,-0.5022100070,-1.2995165669,-0.5923424377,-0.3128346412,0.6489400872,-0.7070780422
144,0.0919843749,0.5639612860,-0.5866787159,0.4062176741,0.4341217480,0.3248812251,0.4868546953,0.1117115908,-0.8113454918,0.4899424248
145,0.0936119849,0.4935921280,-0.5390018659,-1.0209596419,0.5616117150,-0.3199957289,1.9775287603,0.0348173998,0.5580978972,0.1653212348
146,0.3286053841,1.0676708390,-1.1681124171,0.0265015949,0.0054554880,1.4975320319,1.4565093657,0.0910425792,0.1864625718,0.3517235082
147,0.3284356211,-0.7101999320,0.0578430189,-0.0983396051,0.9532576020,0.0529266729,-1.8515608833,-0.3843791768,0.2431026048,-0.7460921208
148,0.3285624811,-0.2293971910,-0.1952862501,-0.3317442371,0.1827790270,-0.3225783551,-0.3976601553,-0.3822296128,0.9069127418,0.3830230622
149,0.3143786781,0.7884019230,-0.5037626671,0.2369308149,-0.6717416260,-0.1514546121,0.6383729157,-0.3185788058,0.2885176718,-1.6984801798
150,0.0788868769,0.3364561680,-0.1270640039,-0.0586742259,0.3758699780,-0.3167591219,-0.0411370667,-0.4265728402,0.0533259922,0.8557315868
151,0.3016637661,0.1808936630,0.1984271949,-0.0268282721,-1.5003050210,-0.6185646411,-0.5464584933,-0.5240972908,-0.0972192992,-0.1126289118
152,0.3204941551,0.6273508350,-0.4427098261,-0.4868234491,-0.0495120210,0.3987233409,2.7723128077,-0.6504332138,-0.3283294942,0.5001927462
153,0.3282203311,1.0097690680,-0.6440654271,0.0955512819,0.4427906380,0.7309294929,1.2724180797,-0.4402396398,0.3604030538,1.0929173122
154,0.3287355951,0.2900335070,-0.6864654011,-0.0308493201,-0.1936388810,-0.0632377091,-0.3802549683,0.3042710772,0.8188150248,1.0955704992
155,0.3149619651,0.7969462620,-0.7423130831,-0.0953673861,-1.4205306330,-0.4713083071,-0.2602937463,-0.6571511598,0.4975448098,-1.7849313298
156,0.3313876651,0.5424970140,-0.7866167041,-1.5898071631,1.7901908280,0.8032651269,0.1093468397,-0.4370701778,2.1429512618,1.0668337622
157,0.1785775761,-0.8873707500,1.3059901039,0.6657221319,-1.7450035910,-0.6401122271,1.2839755977,0.3890038982,-1.3394043542,-1.4311826968
158,0.3261007051,0.1649363710,-0.2430290281,-0.7799223741,0.8767518860,0.6836281779,-1.3374943493,-0.8906036258,0.1955194858,1.1864996332
159,0.3295670441,0.7926768630,-1.1317646041,-1.0703298841,1.9817429510,0.8191824399,0.1526485967,-1.0869671658,1.9195878518,1.8589159522
160,0.3196584381,0.3097370840,-0.2122778851,-0.9322178261,-0.1456105300,-0.8096854141,0.3768459097,-0.5433246858,1.6065181968,0.3349563832
161,0.2905994191,-0.2567656010,0.4536665249,0.0205839939,-0.6553406950,-0.7027999511,-0.3654620633,-0.2170998658,-0.0813274392,-0.5544267368
162,0.0945512549,1.0003475540,-0.9291078649,-0.3460100329,1.2940567600,0.6091843771,1.1094850253,-0.7072299952,0.1008588902,0.6135531578
163,0.0083961519,-0.6416883920,0.8902220121,0.0634882241,-0.5761641500,-1.3397591349,0.2023096243,-0.4460623772,-0.1775189588,0.0254144348
164,0.0946247579,0.7288638990,-0.7524479959,-0.7923494429,-0.1170691580,1.6173147981,1.0282266713,0.0869869878,0.1071320622,1.2950812838
165,-0.1118378809,-1.4990801680,1.7673168489,1.2629577659,-0.6944248150,-0.6349074661,-0.1641726233,0.1476971672,-2.2108388282,0.3759710822
166,0.3269226461,0.7406413980,-0.9020291021,-0.1937729681,0.7445863780,-0.2717173421,0.1335093777,-0.3790654688,0.3375208708,-0.4744041368
167,0.3035028221,-0.7345046410,0.5873871159,0.4257531389,-0.2358784980,-0.9928434661,-0.4391503573,-1.6167187248,0.2402069578,-0.1268962028
168,0.3284297811,0.8324145910,-1.0187148681,-0.3064318691,0.5324209020,0.5992250399,-0.1912042293,-1.1792475878,0.8113481298,1.0294179542
169,0.3270028621,0.5647646790,-0.5747683381,-0.7172521501,0.7016939460,0.1619454229,-1.4685042363,0.2417077172,0.5984646858,0.7748218722
170,0.0927149869,1.0456241000,-0.8372116409,0.0375380821,-0.8236169900,-0.0355693079,0.2716718703,-0.1983526322,0.5096849582,-0.9753636992
171,0.0934749639,0.6936460350,-0.4347549979,-0.1152135549,0.1181822080,-0.1920194319,-0.0212002637,-0.1992128262,0.4748376912,-0.4048007382
172,0.3159087471,0.4028044340,-0.2546368761,0.1066151319,-0.2497177560,-0.6310191801,-0.3232844953,-0.8764126678,-0.2800185262,-0.9116568058
173,0.2589412071,-0.7310305130,0.9078843339,0.0625637639,-0.6508958750,-0.4417521621,-0.1489152553,0.2206475212,-1.1909422422,-0.5538695148
174,0.3162003851,-0.1083220540,0.0909950429,-0.1437201591,0.1262479830,-0.7834439541,-1.4136675583,-0.9906905778,-0.4658682662,-0.5657201708
175,0.3342203511,-0.2143302900,0.1410680349,-0.7256334481,1.2233795520,-1.1568267501,-0.0450925303,-0.3089867228,1.3097968958,-4.6803038268
176,0.2873527041,-0.4532145180,0.6727848739,0.4416982329,-0.5219908900,-0.8549408511,-0.1011423123,-0.6476390468,0.0412898108,-3.2110897818
177,0.3184399281,0.8439375310,-0.7321888381,-0.8713091471,-0.6926063410,-0.3333608251,1.0042874687,0.2876441132,1.0681298958,-0.2287149428
178,0.3109014481,0.5487159600,-0.3589534851,-0.4667816851,-1.0821136870,-0.3408765241,-1.5934354563,-0.7948990478,1.1871036978,-0.3516511618
179,0.3205567121,0.7443444750,-0.6982262091,-0.5669893221,-1.3365612010,-0.1413152601,-0.6277778743,-0.4592012908,0.8180693038,-0.5908002408
180,0.3173088241,0.6891569090,-0.6585554911,0.3144964349,-0.8050771170,0.0730306819,-0.2068964253,-0.4128426148,0.1676975228,-0.6487273448
181,-0.0307775199,-1.3336694330,1.4888908189,1.2203039709,0.0367808720,-0.7138539171,-0.2418574173,1.0521169182,-2.3783521212,-0.0994558298
182,-1.6644813249,-2.0050602670,2.3626709499,1.7641442569,-0.7184217620,-0.8320099501,-0.3182598673,1.3093873782,-2.0946496172,0.2120996162
183,0.2569178711,-1.2100811590,1.2487272869,0.0036728679,-1.0140355460,-0.8532051601,0.5691413647,-0.2956650578,0.6782788478,-0.6479604168
184,0.3229726871,0.7488109340,-0.8265269491,-0.8553475681,-0.3499126440,0.6016807099,-0.5989610833,0.4809778652,0.5914773338,0.1516857802
185,0.3259347791,0.9228645860,-0.8666008901,-0.2642360501,-0.5689314980,-0.6916359901,0.3337537107,-0.7587702518,0.4131057388,-1.2082338248
186,0.3167069131,0.3002303210,-0.2650140611,-0.7119060901,-1.2116573410,0.0466176069,1.7270150577,-0.5455565118,-0.0383569182,-0.6463978728
187,0.3257179111,0.3505089940,-0.4149361621,-0.7005176821,0.3183544930,-0.3926517661,0.5163913247,-0.9962726298,1.0735732898,-0.3650544238
188,0.2803822091,-0.7279778940,0.9217368699,0.2441244929,-0.6029475820,-0.2806045151,-0.0940604423,-0.9995613008,-0.3025336652,-0.1372656688
189,0.3286761291,0.4902668670,-0.8745622901,-1.0497787091,1.8767022630,0.2235083639,-1.2611936743,-0.8333505258,0.4697131258,0.6704132302
190,0.3286832041,1.0074888480,-1.1785048881,-0.1868579651,0.9576046380,1.1104840289,1.6658478137,-0.1273224928,0.0206984948,1.1408929812
191,0.3284846221,1.2574423020,-1.3599884191,0.3296267989,0.5264698420,0.7031555379,0.7638488917,-0.3835270528,-0.3715116842,1.2499027922
192,0.3294826031,0.6925939400,-0.8195116641,-0.9365784901,1.5279570290,0.2488906089,0.9432189367,0.1660853472,0.7378778658,0.7309700022
193,0.3285023601,1.0474926030,-1.1819665661,-0.6929216801,0.2262387080,0.8439037829,3.1454963877,-0.2369070788,0.3739337458,0.7662473542
194,0.0755867779,0.2879711280,-0.0848182839,0.0016627441,-0.6396600600,0.0305008641,0.7956603473,-0.0043080282,0.1321888772,-1.3197548592
195,0.0755635919,0.7117289870,-0.4719190879,-0.6850470759,-1.4556934920,-0.5316117329,0.0370565663,0.6358772708,0.1992197252,-0.4287622792
196,0.0967148069,1.3005033260,-1.3011762769,-0.1897347989,0.0596907550,0.2668886981,1.1526572913,-0.5325455912,0.7237724842,-0.0075444242
197,0.0943229899,1.3147100150,-1.3162575159,-0.7055943039,-0.9899503920,1.0172980861,2.7623185883,0.7843400648,0.2649059312,1.4125825148
198,0.0620050519,-0.6122260340,0.7144166041,0.5718535151,0.0054320400,-1.5153037009,-0.4385219377,-0.3664689102,0.0022823112,-3.2719971662
199,-0.0563048241,-0.7741424810,1.0594667591,0.5371591281,-1.9749877930,-0.7622927869,0.2406154373,-0.3451911032,-1.3349354268,-1.7648642602
200,0.0947742699,0.6097807510,-0.7489544059,0.1165671901,0.1904484350,0.5081714911,-0.0710243397,1.2717817758,-0.0243229618,0.4887428808
201,0.0747907959,-0.3859968400,0.4218950371,-0.1184048679,0.3150402010,-0.4356208309,-0.2393975147,-1.1339282282,-0.2958788548,0.3827469138
202,0.0891532819,0.5624558430,-0.4877586259,-0.1276206309,0.3717079320,-0.1375125589,1.4144705963,-0.5649586072,-0.0298916758,0.6432547308
203,-0.0937726441,-0.9009271460,1.2055342111,-0.1055153899,-0.4889707330,-0.7962363889,-1.3961498337,1.0338386488,0.2826075862,0.5819405458
204,0.3013923701,-0.1582980550,0.3547569179,0.2691410639,-1.0291272380,-0.0000632701,1.4378897707,-0.9162480728,-0.4441298402,-0.7930308948
205,0.3232610691,0.6370194460,-0.5357338881,-0.3307479761,0.6003707310,-0.1511214051,-1.2460691153,-0.2097345088,0.3481185998,-0.3526870148
206,0.3210355041,0.8221781060,-0.7652806061,-0.7493532251,0.1976509200,0.4243479809,2.7014376547,-0.6220037618,-0.2608104842,-0.5135463998
207,0.3263151541,0.8253395010,-0.6007773161,-0.4494599461,-0.6400252240,0.2232194549,-0.6307587693,-0.4113693578,0.6656703958,-0.8574129528
208,0.3264518121,0.9882496930,-1.0332819571,0.0306621949,0.4446926760,0.3387849699,0.3003943667,-0.5279881388,-0.0505206792,-0.5958979908
209,0.3259744951,0.7087001510,-0.8333239551,-0.5977761061,0.1209225000,1.0969064159,-0.0154029103,0.2451271612,0.0959140258,1.1192768782
210,0.3087268061,-0.0426888390,0.1689656689,-0.6069309231,-0.7907104220,-0.7076535691,-0.4169824223,-0.4408944348,0.9562081428,-0.4476320688
211,0.0966486239,0.8765916740,-1.0770892579,0.0624355261,0.4576259020,-0.3202856849,1.3782836003,0.1850981538,0.1628303272,-0.0263197692
212,0.0951885929,0.8455563010,-0.8216466739,0.4961004771,1.0935649070,0.3386544581,0.5775573333,-0.0405412932,-0.1182930558,0.2707202548
213,0.0955165879,0.6553941980,-0.3742766499,-0.1097246219,-0.3006462040,0.1602743771,0.3434445203,-0.3431648022,0.2633930912,-0.7429123552
214,0.0952469979,1.1323180040,-1.0006718239,-0.4352065259,0.9897987630,0.0666275171,-0.5378722237,0.0585510368,0.9936768872,-0.3785870132
215,0.0962657869,0.8652724150,-0.8964921129,-0.4629568779,1.9563009540,0.3899778431,-1.0738792027,0.3586192578,0.0898593472,1.4178475808
216,0.0085552449,-1.5785403840,1.4835787511,0.4162859771,-0.1245320910,-1.5975060509,-0.3809021477,1.4925583908,-0.1506939948,-0.9784084542
217,0.3283971381,0.5965523110,-0.3940840761,0.0289371229,0.9541910050,-0.1595753221,1.2365392147,-0.6593036478,0.2036142968,-0.3723639508
218,0.3110680571,0.5642919450,-0.3397136161,-0.3478102681,-1.2518677360,0.0562443609,-0.2817865363,-0.3495826738,0.1586153498,-1.5910494208
219,-0.3869001161,-2.7522452570,2.2472157271,0.9413694171,-0.5962460680,-1.4831987179,-0.5039160857,1.3175691738,-0.5189945538,-1.9892312572
220,0.3294920471,0.8079074980,-0.7525292061,-0.7185547291,1.5751948890,1.8172347129,-0.1877894413,-0.8670259118,0.3035177728,1.0276268922
221,0.3284424601,0.8487695970,-0.5973705331,-0.3304193601,0.4666150930,0.5606257339,-0.4802871003,0.0294843482,0.3815621308,0.5521270802
222,0.3288266741,0.4699188250,-0.4307832681,-0.4363658731,0.7806106700,0.1896747579,-0.5989374033,-0.8296093528,1.0583304868,0.8556108792
223,0.3109860091,-0.4664621040,0.5157165279,-0.6612952901,-0.0313958900,-0.4223680871,-1.1073941083,-0.9609219368,-0.5202730022,-0.4230412268
224,0.3151007711,0.2168131120,0.0295644369,-0.1271316331,-0.2563481200,-0.5270183181,0.1234797347,-0.3562184568,-0.5594204162,0.5956107822
225,0.3035811351,-0.6672851880,0.7280807209,-0.5517862321,-0.3639022060,-0.7789485181,0.0107726157,-0.0488391298,-0.2526842582,0.1264962282
226,0.3284287281,1.1539863450,-1.3309217171,-0.8614516041,0.5684057840,0.7625267439,-0.0963194853,-0.9394627158,0.8637060578,1.6289875992
227,0.3290768671,0.0534062940,-0.1086602681,-0.5343309801,1.6130766090,1.1824453919,-1.1807506203,0.4866737282,0.3017812508,-0.3467670258
228,0.3331963351,0.3064846940,-0.3721292831,-0.3560647461,1.2845005430,1.3601032909,0.2236942367,-0.6269239958,1.0635929908,0.2441496912
229,0.3305103751,-0.2209692130,0.2804428249,-1.0500236221,0.8759416300,-0.4648698901,-0.2789343193,-1.0768641048,1.5963184608,0.1004733392
230,0.3160592511,-0.1656294650,0.2127112769,-0.6483399861,-0.1354484310,-0.1991388051,-0.5604567523,-0.7052301328,0.5289116038,0.3789800372
231,0.3203305901,0.8877785850,-0.6044838751,0.3409345729,-0.3967490690,-0.0385398931,1.5680637307,0.2092114092,-0.3464327082,-0.3211438568
232,0.3276634181,0.8307258050,-0.9650549171,0.1928843169,0.0575121970,-0.0445301951,1.8478203567,-0.7246707448,0.0424614168,-0.0694454668
233,0.3281223441,0.8833213620,-0.9601474441,-0.4265381641,0.4992253470,-0.0601522401,0.3898008117,-0.0458860708,0.4570049098,0.6714489822
234,0.3235990631,1.2887648830,-1.3990089651,-0.2590471731,-0.8941131740,-0.2817807551,-0.7772623773,-0.1777238048,0.7283939218,-1.3428749568
235,-2.2143240751,-1.2991852480,1.6884022161,4.6829441231,-0.4009482250,0.4093550511,0.2889440603,2.6937204378,-3.6676238648,-0.7275628542
236,0.0951807239,1.4924500040,-1.6175989519,-0.4352770059,0.7495323750,0.8880779411,-0.2098595997,0.5594332258,0.5480280232,0.4169136488
237,0.3314440931,0.5859246550,-0.6851124541,-1.2785508121,1.1809315130,0.6692114889,-0.1725202703,-0.9018708178,1.2045972498,0.8566931692
238,0.3252026531,-0.0795671370,0.0767869739,-0.2414575791,0.5258479550,-0.6138732771,1.6209312937,-0.8741237918,0.5337730158,1.3398254412
239,0.0812070269,0.2005698230,-0.0360881619,-0.0645139809,-0.2760647430,-0.4401481539,0.3082533583,-0.1893594222,-0.4357296778,-0.5920079102
240,-0.0611137371,-0.8882887360,1.2385720961,-0.1309684899,-0.8530252850,-0.4722202029,1.9353766813,-0.8885977092,-0.7088279568,0.2798402348
241,-0.1718802701,-0.8120086090,1.0616249301,-0.0756407009,-0.2198090110,-0.6253041069,-0.4785786247,1.4090679548,0.0306449492,0.6677524978
242,0.0000874189,-0.8953995470,1.0027488381,0.0444731091,-0.6486037690,-0.9486169579,-0.3867988477,-0.4632063952,0.3186844482,-0.3157465042
243,0.0948003929,1.3566828490,-1.5766209579,-1.0940647979,0.9169336480,1.4453150731,0.4293098983,0.0011362188,1.5763272442,1.7292991548
244,0.2760423211,-0.4896679850,0.7927284999,-0.7323743241,-0.0585091810,0.0649199489,0.3068363127,0.8061692282,-0.9215721042,0.5043442502
245,-0.8019371419,-2.3044323610,2.3887832799,1.5858708929,-0.3406838950,-0.8813152641,-0.3198139793,1.5190226372,-1.5415487452,-0.1681383178
246,-2.0657998489,-2.0165441450,2.1299831659,2.9335884059,-0.0780010150,-0.8049710171,-0.3565538263,5.1604163932,-3.0977892882,-0.6572968548
247,-0.7193161919,-1.2570524260,1.6145059919,1.6283614419,-0.6858860740,-0.0351201541,0.4118303777,1.5006563472,-1.8002388382,0.3271875172
248,0.3277796131,-0.0770690300,-0.1271208561,-0.1889227791,0.7235185560,-0.3356139321,0.5326385127,-0.5893885608,-0.1557258012,1.1268177872
249,-3.8182397309,-2.6847419090,2.7575864459,5.0082577529,-0.5025498530,-1.2619754131,-0.9685919523,3.7591318592,-2.9325429622,-0.0112844758
250,-13.1940618069,-1.5331460350,2.4260481319,3.9701009939,-1.9124015520,-0.1300451831,-2.3361040813,3.4372442512,-2.7746222932,0.5732114842
251,-4.6871573419,-2.7406680000,1.4902956089,6.9656283309,0.1394111580,2.1165311109,-0.0783236513,5.2384946822,-4.3716380082,-3.5041140048
252,0.0373251781,-1.8189365700,2.2807166469,2.7249158929,0.8491060580,-1.3859555991,-0.4118684843,3.0578282932,-1.6883700662,0.3641152382
253,-4.0632087309,-1.5991923490,2.0918571029,0.7223961179,-0.7934633820,-0.1293517621,-0.2657164313,4.3600894642,-1.8695275682,-0.3864033848
254,0.1118916651,-1.0881509990,1.3132868409,1.7767321269,-0.3477015450,-0.3177767951,-0.4910463203,0.4724338352,-1.7231941542,0.3931004652
255,0.2767182221,-0.8692291650,1.0452600969,0.9906332369,-0.4605280560,-0.5048853831,-0.6743103623,-0.5913356148,-1.0458728532,-0.1632665428
256,0.2981949061,0.3241025960,-0.0423576011,0.0647852879,-2.1779245380,-0.2831163081,-0.5002627583,-0.3816235368,0.4663935058,-2.6467522538
257,0.0913536139,1.1160533830,-0.9820096819,0.0012444741,0.0294753770,0.4987093621,0.9189042293,-0.1126878352,0.8727992152,0.6641790298
258,0.0941580649,-0.9818231800,-0.1185771169,0.3026708391,-0.6226770820,-0.6767410619,-0.9950644957,-1.0217669422,0.3463518842,0.2393520868
259,-0.2185034851,-2.0034670600,1.9305439171,0.4009862511,-0.2417238960,-0.9591147669,-0.2561046927,0.8571728158,-1.8157808568,-0.5217275192
260,-0.0977530011,-2.0657921020,1.8713823301,0.3328141141,0.1082089180,-1.2846450349,-0.3572368017,0.4509669848,0.0681424442,-0.8686508672
261,-1.5284372041,-1.6573296600,1.9956369081,1.2551026681,-1.5094597650,-0.1213783779,-1.9558550317,0.5300677538,-2.3545987358,-0.0965275802
262,-0.1931260561,-1.9429475000,1.9057300741,0.4228452121,0.0717283600,-0.3688751459,-0.4455219797,0.9712175698,-0.5764970098,-0.6221487692
263,-0.5159068401,-2.5874094700,2.4047539621,1.8566814341,-0.7205335360,-1.3060900619,-0.2160077557,0.7284944688,-1.6357890178,-0.4079838012
264,-2.1184454189,-1.1998254570,1.7299661449,1.1541448799,-1.2225538450,0.7266630419,-0.6577683533,0.8917270112,-2.1095761912,0.4150507612
265,0.2989725651,-0.6773420030,0.7292376649,-0.1679602391,-0.7162948140,-1.0635280931,0.2947821017,-0.5744772998,1.0571467398,-1.2377297568
266,-1.1357709601,-1.2589724090,1.5224946131,2.8125184631,-0.2488004450,-0.3982027989,-0.7002982047,2.6352328868,-2.5846083058,-0.1599095032
267,-0.5207494321,-2.3621395760,2.1845952251,0.7846174771,-0.0601217500,-0.9599284379,-0.7671784377,0.4612509278,-1.0887049888,-0.6246887292
268,-1.7822013901,-1.4393711730,1.7317210751,1.9466466141,-0.1211166760,0.8327785991,-0.0630254187,3.5765881708,-2.7802583468,-0.9135866692
269,0.3184024781,0.6258045820,-0.5269061981,-0.1072309701,-0.7267301540,-0.8950973491,0.3923060237,-0.5400586268,0.2607297128,-2.4730201028
270,-2.0664523399,-1.9011291980,2.0422692069,1.4051018719,-0.3237420670,-0.5095574541,-1.6462954233,3.8219780342,-2.7234477722,-0.5761085678
271,0.3290064111,0.9723340960,-1.0163888711,0.2195463989,-0.4766062730,0.0893119649,2.1539045747,0.1106837962,-0.1688899992,0.7029426982
272,0.3129851281,0.1822404600,-0.0133545271,0.4328132029,-0.1800961710,0.4301576759,-0.3982026123,-0.7472041068,0.1178802958,-1.0618832098
273,-0.4995962069,-3.1852723560,2.5084957419,0.5890009349,-2.0550775720,-1.3346659331,-0.9108303083,0.8111868902,-0.3395929642,-1.8611234558
274,0.1134811361,-3.6178903720,2.7594027569,0.8559867109,0.4935773570,-1.5358134441,-0.9068864283,0.8338773212,-0.6345072732,-1.5856104268
